[
  {
    "title": "Shawshank Redemption, The (1994)",
    "genres": [
      "Crime",
      "Drama"
    ],
    "ratings": {
      "count": 317,
      "average": 4.429022082018927,
      "distribution": {
        "5.0": 153,
        "4.0": 72,
        "4.5": 49,
        "3.0": 24,
        "3.5": 15,
        "2.0": 2,
        "1.0": 2
      }
    },
    "tags": [
      "prison",
      "Stephen King",
      "wrongful imprisonment",
      "Morgan Freeman"
    ]
  },
  {
    "title": "Godfather, The (1972)",
    "genres": [
      "Crime",
      "Drama"
    ],
    "ratings": {
      "count": 192,
      "average": 4.2890625,
      "distribution": {
        "5.0": 88,
        "4.0": 44,
        "4.5": 26,
        "3.0": 13,
        "3.5": 7,
        "2.0": 5,
        "2.5": 4,
        "1.5": 4,
        "1.0": 1
      }
    },
    "tags": [
      "Mafia"
    ]
  },
  {
    "title": "Fight Club (1999)",
    "genres": [
      "Action",
      "Crime",
      "Drama",
      "Thriller"
    ],
    "ratings": {
      "count": 218,
      "average": 4.272935779816514,
      "distribution": {
        "5.0": 81,
        "4.0": 49,
        "4.5": 49,
        "3.5": 17,
        "3.0": 10,
        "2.0": 5,
        "0.5": 3,
        "2.5": 3,
        "1.5": 1
      }
    },
    "tags": [
      "dark comedy",
      "psychology",
      "thought-provoking",
      "twist ending",
      "dark comedy",
      "violence",
      "action",
      "atmospheric",
      "based on a book",
      "Brad Pitt",
      "challenging",
      "Chuck Palahniuk",
      "classic",
      "clever",
      "complicated",
      "consumerism",
      "crime",
      "dark",
      "dark comedy",
      "David Fincher",
      "disturbing",
      "double life",
      "Edward Norton",
      "fighting",
      "great acting",
      "helena bonham carter",
      "imaginary friend",
      "imdb top 250",
      "mental illness",
      "mind-blowing",
      "mindfuck",
      "narrated",
      "Nudity (Topless)",
      "Palahnuik",
      "philosophical",
      "philosophy",
      "postmodern",
      "powerful ending",
      "psychological",
      "psychological thriller",
      "psychology",
      "quirky",
      "satirical",
      "schizophrenia",
      "social commentary",
      "societal criticism",
      "stylized",
      "surreal",
      "TERRORISM",
      "thought-provoking",
      "twist",
      "twist ending",
      "violence",
      "violent"
    ]
  },
  {
    "title": "Cool Hand Luke (1967)",
    "genres": [
      "Drama"
    ],
    "ratings": {
      "count": 57,
      "average": 4.271929824561403,
      "distribution": {
        "4.0": 22,
        "5.0": 18,
        "4.5": 8,
        "3.5": 6,
        "3.0": 2,
        "2.5": 1
      }
    },
    "tags": [
      "prison"
    ]
  },
  {
    "title": "Dr. Strangelove or: How I Learned to Stop Worrying and Love the Bomb (1964)",
    "genres": [
      "Comedy",
      "War"
    ],
    "ratings": {
      "count": 97,
      "average": 4.268041237113402,
      "distribution": {
        "5.0": 36,
        "4.0": 22,
        "4.5": 20,
        "3.0": 10,
        "3.5": 6,
        "2.0": 2,
        "1.0": 1
      }
    },
    "tags": [
      "dark comedy",
      "Atomic bomb",
      "black comedy",
      "dark comedy",
      "satire",
      "purity of essence",
      "Slim Pickens",
      "black comedy",
      "dark comedy",
      "Quirky"
    ]
  },
  {
    "title": "Rear Window (1954)",
    "genres": [
      "Mystery",
      "Thriller"
    ],
    "ratings": {
      "count": 84,
      "average": 4.261904761904762,
      "distribution": {
        "5.0": 32,
        "4.0": 21,
        "4.5": 13,
        "3.5": 9,
        "3.0": 6,
        "2.5": 2,
        "1.0": 1
      }
    },
    "tags": [
      "voyeurism",
      "imdb top 250",
      "James Stewart",
      "mystery",
      "photographer",
      "photography"
    ]
  },
  {
    "title": "Godfather: Part II, The (1974)",
    "genres": [
      "Crime",
      "Drama"
    ],
    "ratings": {
      "count": 129,
      "average": 4.25968992248062,
      "distribution": {
        "5.0": 48,
        "4.0": 39,
        "4.5": 20,
        "3.0": 10,
        "3.5": 7,
        "2.5": 2,
        "1.0": 2,
        "2.0": 1
      }
    },
    "tags": [
      "Al Pacino",
      "Mafia",
      "Mafia"
    ]
  },
  {
    "title": "Departed, The (2006)",
    "genres": [
      "Crime",
      "Drama",
      "Thriller"
    ],
    "ratings": {
      "count": 107,
      "average": 4.252336448598131,
      "distribution": {
        "4.5": 35,
        "4.0": 29,
        "5.0": 26,
        "3.5": 8,
        "3.0": 5,
        "2.5": 3,
        "1.0": 1
      }
    },
    "tags": [
      "way too long",
      "Leonardo DiCaprio",
      "suspense",
      "twist ending",
      "undercover cop",
      "atmospheric",
      "Jack Nicholson",
      "Leonardo DiCaprio",
      "Martin Scorsese",
      "suspense"
    ]
  },
  {
    "title": "Goodfellas (1990)",
    "genres": [
      "Crime",
      "Drama"
    ],
    "ratings": {
      "count": 126,
      "average": 4.25,
      "distribution": {
        "4.0": 42,
        "5.0": 40,
        "4.5": 21,
        "3.5": 14,
        "3.0": 5,
        "2.0": 2,
        "2.5": 2
      }
    },
    "tags": [
      "Mafia"
    ]
  },
  {
    "title": "Casablanca (1942)",
    "genres": [
      "Drama",
      "Romance"
    ],
    "ratings": {
      "count": 100,
      "average": 4.24,
      "distribution": {
        "5.0": 41,
        "4.0": 26,
        "4.5": 13,
        "3.0": 8,
        "3.5": 7,
        "2.5": 2,
        "1.5": 1,
        "1.0": 1,
        "0.5": 1
      }
    },
    "tags": [
      "start of a beautiful friendship"
    ]
  },
  {
    "title": "Dark Knight, The (2008)",
    "genres": [
      "Action",
      "Crime",
      "Drama",
      "IMAX"
    ],
    "ratings": {
      "count": 149,
      "average": 4.238255033557047,
      "distribution": {
        "5.0": 49,
        "4.0": 33,
        "4.5": 30,
        "3.5": 25,
        "3.0": 7,
        "2.0": 3,
        "2.5": 2
      }
    },
    "tags": [
      "psychology",
      "superhero",
      "dark",
      "gritty"
    ]
  },
  {
    "title": "Usual Suspects, The (1995)",
    "genres": [
      "Crime",
      "Mystery",
      "Thriller"
    ],
    "ratings": {
      "count": 204,
      "average": 4.237745098039215,
      "distribution": {
        "5.0": 71,
        "4.0": 50,
        "4.5": 42,
        "3.0": 23,
        "3.5": 11,
        "2.0": 3,
        "1.0": 2,
        "2.5": 2
      }
    },
    "tags": [
      "mindfuck",
      "suspense",
      "thriller",
      "tricky",
      "twist ending",
      "heist"
    ]
  },
  {
    "title": "Princess Bride, The (1987)",
    "genres": [
      "Action",
      "Adventure",
      "Comedy",
      "Fantasy",
      "Romance"
    ],
    "ratings": {
      "count": 142,
      "average": 4.232394366197183,
      "distribution": {
        "5.0": 55,
        "4.0": 34,
        "4.5": 20,
        "3.5": 14,
        "3.0": 12,
        "2.5": 4,
        "1.5": 2,
        "2.0": 1
      }
    },
    "tags": [
      "Inigo Montoya",
      "six-fingered man"
    ]
  },
  {
    "title": "Star Wars: Episode IV - A New Hope (1977)",
    "genres": [
      "Action",
      "Adventure",
      "Sci-Fi"
    ],
    "ratings": {
      "count": 251,
      "average": 4.231075697211155,
      "distribution": {
        "5.0": 104,
        "4.0": 73,
        "4.5": 24,
        "3.5": 19,
        "3.0": 14,
        "2.0": 9,
        "2.5": 5,
        "1.0": 1,
        "0.5": 1,
        "1.5": 1
      }
    },
    "tags": [
      "classic",
      "space action",
      "action",
      "sci-fi",
      "EPIC",
      "great soundtrack",
      "classic sci-fi",
      "engrossing adventure",
      "EPIC",
      "classic",
      "Nerd",
      "classic sci-fi",
      "space action",
      "space epic",
      "oldie but goodie",
      "sci-fi",
      "Star Wars",
      "ROBOTS AND ANDROIDS",
      "space",
      "classic sci-fi",
      "sci-fi",
      "space adventure",
      "Star Wars",
      "darth vader",
      "luke skywalker",
      "space opera"
    ]
  },
  {
    "title": "Schindler's List (1993)",
    "genres": [
      "Drama",
      "War"
    ],
    "ratings": {
      "count": 220,
      "average": 4.225,
      "distribution": {
        "5.0": 92,
        "4.0": 47,
        "4.5": 36,
        "3.0": 17,
        "3.5": 13,
        "1.0": 5,
        "2.0": 4,
        "2.5": 3,
        "0.5": 2,
        "1.5": 1
      }
    },
    "tags": [
      "moving",
      "thought-provoking",
      "Holocaust",
      "based on a true story",
      "biography",
      "disturbing",
      "holocaust"
    ]
  },
  {
    "title": "Apocalypse Now (1979)",
    "genres": [
      "Action",
      "Drama",
      "War"
    ],
    "ratings": {
      "count": 107,
      "average": 4.219626168224299,
      "distribution": {
        "5.0": 45,
        "4.0": 26,
        "3.5": 11,
        "3.0": 10,
        "4.5": 9,
        "2.0": 3,
        "2.5": 3
      }
    },
    "tags": [
      "Vietnam"
    ]
  },
  {
    "title": "American History X (1998)",
    "genres": [
      "Crime",
      "Drama"
    ],
    "ratings": {
      "count": 129,
      "average": 4.217054263565892,
      "distribution": {
        "4.0": 41,
        "5.0": 33,
        "4.5": 30,
        "3.5": 12,
        "3.0": 11,
        "2.5": 2
      }
    },
    "tags": [
      "thought-provoking",
      "racism",
      "edward norton",
      "emotional",
      "politics"
    ]
  },
  {
    "title": "Star Wars: Episode V - The Empire Strikes Back (1980)",
    "genres": [
      "Action",
      "Adventure",
      "Sci-Fi"
    ],
    "ratings": {
      "count": 211,
      "average": 4.2156398104265405,
      "distribution": {
        "5.0": 80,
        "4.0": 60,
        "4.5": 28,
        "3.0": 19,
        "3.5": 12,
        "2.5": 5,
        "2.0": 5,
        "0.5": 1,
        "1.5": 1
      }
    },
    "tags": [
      "I am your father",
      "space",
      "space opera",
      "classic",
      "George Lucas",
      "Harrison Ford",
      "music",
      "original plot",
      "sci-fi",
      "sequel"
    ]
  },
  {
    "title": "Chinatown (1974)",
    "genres": [
      "Crime",
      "Film-Noir",
      "Mystery",
      "Thriller"
    ],
    "ratings": {
      "count": 59,
      "average": 4.211864406779661,
      "distribution": {
        "5.0": 19,
        "4.0": 16,
        "4.5": 11,
        "3.5": 8,
        "2.0": 3,
        "3.0": 2
      }
    },
    "tags": [
      "incest"
    ]
  },
  {
    "title": "Raiders of the Lost Ark (Indiana Jones and the Raiders of the Lost Ark) (1981)",
    "genres": [
      "Action",
      "Adventure"
    ],
    "ratings": {
      "count": 200,
      "average": 4.2075,
      "distribution": {
        "4.0": 74,
        "5.0": 69,
        "3.5": 20,
        "4.5": 20,
        "3.0": 8,
        "2.5": 4,
        "2.0": 2,
        "1.0": 2,
        "0.5": 1
      }
    },
    "tags": [
      "adventure",
      "archaeology",
      "indiana jones",
      "Steven Spielberg",
      "treasure hunt",
      "archaeology",
      "ark of the covenant",
      "indiana jones"
    ]
  },
  {
    "title": "One Flew Over the Cuckoo's Nest (1975)",
    "genres": [
      "Drama"
    ],
    "ratings": {
      "count": 133,
      "average": 4.203007518796992,
      "distribution": {
        "4.0": 44,
        "5.0": 41,
        "4.5": 23,
        "3.0": 13,
        "3.5": 8,
        "2.5": 2,
        "1.5": 1,
        "1.0": 1
      }
    },
    "tags": [
      "emotional",
      "jack nicholson",
      "mental illness"
    ]
  },
  {
    "title": "Reservoir Dogs (1992)",
    "genres": [
      "Crime",
      "Mystery",
      "Thriller"
    ],
    "ratings": {
      "count": 131,
      "average": 4.202290076335878,
      "distribution": {
        "5.0": 45,
        "4.0": 45,
        "4.5": 16,
        "3.0": 9,
        "3.5": 9,
        "2.5": 4,
        "2.0": 2,
        "1.0": 1
      }
    },
    "tags": [
      "ensemble cast",
      "nonlinear",
      "Quentin Tarantino",
      "stylized",
      "heist",
      "violence",
      "humorous",
      "neo-noir",
      "Quentin Tarantino",
      "religion",
      "Tarantino"
    ]
  },
  {
    "title": "Pulp Fiction (1994)",
    "genres": [
      "Comedy",
      "Crime",
      "Drama",
      "Thriller"
    ],
    "ratings": {
      "count": 307,
      "average": 4.197068403908795,
      "distribution": {
        "5.0": 123,
        "4.0": 77,
        "4.5": 44,
        "3.0": 31,
        "3.5": 12,
        "2.0": 9,
        "1.0": 6,
        "2.5": 3,
        "0.5": 2
      }
    },
    "tags": [
      "good dialogue",
      "great soundtrack",
      "non-linear",
      "cult film",
      "drugs",
      "Quentin Tarantino",
      "Tarantino",
      "hit men",
      "1990s",
      "achronological",
      "action",
      "action packed",
      "aggressive",
      "amazing",
      "amazing dialogues",
      "anthology",
      "assassin",
      "atmospheric",
      "AWESOME",
      "bad ass",
      "bad language",
      "bad-ass",
      "bible",
      "biblical references",
      "big boys with guns",
      "big name actors",
      "Black comedy",
      "black humor",
      "black humour",
      "blood",
      "blood splatters",
      "bloody",
      "bruce willis",
      "brutality",
      "casual violence",
      "character development",
      "characters",
      "classic",
      "classic movie",
      "coke",
      "comedy",
      "conversation",
      "cool",
      "cool style",
      "crime",
      "crime scene scrubbing",
      "cult",
      "cult classic",
      "cult film",
      "dance",
      "dancing",
      "dark",
      "dark comedy",
      "dark humor",
      "dialogue",
      "different",
      "diner",
      "disjointed timeline",
      "disturbing",
      "drama",
      "drug overdose",
      "drugs",
      "drugs & music",
      "ensemble cast",
      "entertaining",
      "entirely dialogue",
      "episodic",
      "exciting",
      "fast paced",
      "fast-paced",
      "film noir",
      "film-noir",
      "foul language",
      "fun",
      "funny",
      "gangster",
      "gangsters",
      "genius",
      "golden watch",
      "good dialogue",
      "good music",
      "gore",
      "great acting",
      "great dialogue",
      "great soundtrack",
      "gritty",
      "guns",
      "Harvey Keitel",
      "heroin",
      "Highly quotable",
      "hit men",
      "hitman",
      "homosexuality",
      "humour",
      "iconic",
      "imdb top 250",
      "innovative",
      "intellectual",
      "intelligent",
      "intense",
      "interesting",
      "intertwining storylines",
      "interwoven storylines",
      "ironic",
      "irony",
      "John Travolta",
      "killer-as-protagonist",
      "los angeles",
      "Mafia",
      "masterpiece",
      "meaningless violence",
      "milkshake",
      "mobster",
      "mobsters",
      "monologue",
      "motherfucker",
      "multiple stories",
      "multiple storylines",
      "neo-noir",
      "noir",
      "non-linear",
      "non-linear timeline",
      "nonlinear",
      "nonlinear narrative",
      "nonlinear storyline",
      "nonlinear timeline",
      "notable soundtrack",
      "offensive",
      "organised crime",
      "organized crime",
      "original",
      "original plot",
      "out of order",
      "Palme d'Or",
      "parody",
      "philosophical",
      "pop culture references",
      "psychological",
      "pulp",
      "Quentin Tarantino",
      "quirky",
      "Quotable",
      "r:disturbing violent content including rape",
      "r:disturbing violent images",
      "r:graphic sexuality",
      "r:some violence",
      "r:strong bloody violence",
      "r:strong language",
      "r:sustained strong stylized violence",
      "r:violence",
      "random",
      "rape",
      "retro",
      "Roger Avary",
      "royal with cheese",
      "Samuel L. Jackson",
      "sarcasm",
      "satire",
      "sexy",
      "smart writing",
      "sophisticated",
      "soundtrack",
      "splatter",
      "Steve Buscemi",
      "storytelling",
      "stylish",
      "stylized",
      "suspense",
      "Tarantino",
      "thought-provoking",
      "thriller",
      "travolta",
      "twist ending",
      "Uma Thurman",
      "unique",
      "unpredictable",
      "unusual",
      "very funny",
      "violence",
      "violent",
      "witty"
    ]
  },
  {
    "title": "Matrix, The (1999)",
    "genres": [
      "Action",
      "Sci-Fi",
      "Thriller"
    ],
    "ratings": {
      "count": 278,
      "average": 4.192446043165468,
      "distribution": {
        "5.0": 109,
        "4.0": 72,
        "4.5": 41,
        "3.5": 18,
        "3.0": 17,
        "2.5": 7,
        "0.5": 5,
        "2.0": 5,
        "1.0": 4
      }
    },
    "tags": [
      "martial arts",
      "sci-fi",
      "alternate universe",
      "philosophy",
      "post apocalyptic"
    ]
  },
  {
    "title": "North by Northwest (1959)",
    "genres": [
      "Action",
      "Adventure",
      "Mystery",
      "Romance",
      "Thriller"
    ],
    "ratings": {
      "count": 57,
      "average": 4.184210526315789,
      "distribution": {
        "5.0": 20,
        "4.0": 19,
        "3.0": 7,
        "3.5": 5,
        "4.5": 5,
        "1.5": 1
      }
    },
    "tags": [
      "Mount Rushmore",
      "Alfred Hitchcock",
      "imdb top 250"
    ]
  },
  {
    "title": "Amadeus (1984)",
    "genres": [
      "Drama"
    ],
    "ratings": {
      "count": 76,
      "average": 4.184210526315789,
      "distribution": {
        "5.0": 25,
        "4.0": 21,
        "4.5": 11,
        "3.0": 9,
        "3.5": 8,
        "2.0": 1,
        "2.5": 1
      }
    },
    "tags": [
      "Mozart",
      "Salieri"
    ]
  },
  {
    "title": "Amelie (Fabuleux destin d'Am\u00e9lie Poulain, Le) (2001)",
    "genres": [
      "Comedy",
      "Romance"
    ],
    "ratings": {
      "count": 120,
      "average": 4.183333333333334,
      "distribution": {
        "5.0": 43,
        "4.0": 36,
        "4.5": 16,
        "3.5": 10,
        "3.0": 8,
        "2.0": 2,
        "2.5": 2,
        "0.5": 1,
        "1.0": 1,
        "1.5": 1
      }
    },
    "tags": [
      "whimsical"
    ]
  },
  {
    "title": "Brazil (1985)",
    "genres": [
      "Fantasy",
      "Sci-Fi"
    ],
    "ratings": {
      "count": 59,
      "average": 4.177966101694915,
      "distribution": {
        "5.0": 23,
        "4.0": 15,
        "3.5": 8,
        "4.5": 5,
        "3.0": 4,
        "2.0": 2,
        "2.5": 2
      }
    },
    "tags": []
  },
  {
    "title": "Forrest Gump (1994)",
    "genres": [
      "Comedy",
      "Drama",
      "Romance",
      "War"
    ],
    "ratings": {
      "count": 329,
      "average": 4.164133738601824,
      "distribution": {
        "5.0": 116,
        "4.0": 94,
        "3.0": 39,
        "4.5": 39,
        "3.5": 27,
        "2.0": 9,
        "2.5": 3,
        "1.0": 1,
        "0.5": 1
      }
    },
    "tags": [
      "shrimp",
      "Vietnam",
      "bubba gump shrimp",
      "lieutenant dan",
      "stupid is as stupid does",
      "bittersweet",
      "emotional",
      "heartwarming",
      "touching"
    ]
  },
  {
    "title": "Monty Python and the Holy Grail (1975)",
    "genres": [
      "Adventure",
      "Comedy",
      "Fantasy"
    ],
    "ratings": {
      "count": 136,
      "average": 4.161764705882353,
      "distribution": {
        "5.0": 51,
        "4.0": 33,
        "4.5": 17,
        "3.5": 16,
        "3.0": 9,
        "2.5": 4,
        "2.0": 4,
        "1.0": 1,
        "0.5": 1
      }
    },
    "tags": [
      "british comedy",
      "Monty Python",
      "England",
      "King Arthur"
    ]
  },
  {
    "title": "Silence of the Lambs, The (1991)",
    "genres": [
      "Crime",
      "Horror",
      "Thriller"
    ],
    "ratings": {
      "count": 279,
      "average": 4.161290322580645,
      "distribution": {
        "4.0": 97,
        "5.0": 92,
        "4.5": 36,
        "3.0": 24,
        "3.5": 14,
        "2.5": 7,
        "2.0": 5,
        "0.5": 3,
        "1.0": 1
      }
    },
    "tags": [
      "Hannibal Lector",
      "disturbing",
      "drama",
      "gothic",
      "psychology",
      "suspense"
    ]
  },
  {
    "title": "Eternal Sunshine of the Spotless Mind (2004)",
    "genres": [
      "Drama",
      "Romance",
      "Sci-Fi"
    ],
    "ratings": {
      "count": 131,
      "average": 4.1603053435114505,
      "distribution": {
        "4.0": 43,
        "5.0": 33,
        "4.5": 29,
        "3.5": 14,
        "2.5": 5,
        "3.0": 4,
        "2.0": 1,
        "0.5": 1,
        "1.5": 1
      }
    },
    "tags": [
      "alternate reality",
      "memory",
      "thought-provoking",
      "jim carrey",
      "memory",
      "cult film",
      "imagination",
      "Jim Carrey",
      "love",
      "surreal",
      "arthouse",
      "artistic",
      "atmospheric",
      "beautiful",
      "bittersweet",
      "colourful",
      "comedy",
      "dreamlike",
      "emotional",
      "feel-good",
      "happpiness",
      "humane",
      "insightful",
      "intelligent",
      "lovely",
      "melancholy",
      "mind-bending",
      "philosophy",
      "quirky",
      "quirky romantic",
      "romantic",
      "surreal",
      "surrealism",
      "thought-provoking"
    ]
  },
  {
    "title": "Snatch (2000)",
    "genres": [
      "Comedy",
      "Crime",
      "Thriller"
    ],
    "ratings": {
      "count": 93,
      "average": 4.155913978494624,
      "distribution": {
        "5.0": 25,
        "4.0": 24,
        "4.5": 22,
        "3.0": 10,
        "3.5": 9,
        "1.5": 1,
        "2.5": 1,
        "1.0": 1
      }
    },
    "tags": []
  },
  {
    "title": "Spirited Away (Sen to Chihiro no kamikakushi) (2001)",
    "genres": [
      "Adventure",
      "Animation",
      "Fantasy"
    ],
    "ratings": {
      "count": 87,
      "average": 4.155172413793103,
      "distribution": {
        "4.0": 27,
        "5.0": 23,
        "4.5": 19,
        "3.0": 7,
        "3.5": 7,
        "2.5": 2,
        "0.5": 1,
        "2.0": 1
      }
    },
    "tags": [
      "anime"
    ]
  },
  {
    "title": "12 Angry Men (1957)",
    "genres": [
      "Drama"
    ],
    "ratings": {
      "count": 57,
      "average": 4.149122807017544,
      "distribution": {
        "4.0": 21,
        "5.0": 18,
        "4.5": 10,
        "3.0": 2,
        "0.5": 2,
        "3.5": 2,
        "2.5": 1,
        "1.0": 1
      }
    },
    "tags": [
      "court",
      "claustrophobic",
      "confrontational",
      "earnest",
      "good dialogue",
      "great screenplay",
      "gritty",
      "Motivational",
      "thought-provoking"
    ]
  },
  {
    "title": "Green Mile, The (1999)",
    "genres": [
      "Crime",
      "Drama"
    ],
    "ratings": {
      "count": 111,
      "average": 4.148648648648648,
      "distribution": {
        "4.0": 43,
        "5.0": 28,
        "4.5": 18,
        "3.5": 12,
        "3.0": 5,
        "2.5": 4,
        "0.5": 1
      }
    },
    "tags": [
      "Stephen King"
    ]
  },
  {
    "title": "Life Is Beautiful (La Vita \u00e8 bella) (1997)",
    "genres": [
      "Comedy",
      "Drama",
      "Romance",
      "War"
    ],
    "ratings": {
      "count": 88,
      "average": 4.1477272727272725,
      "distribution": {
        "5.0": 35,
        "4.0": 18,
        "4.5": 14,
        "3.0": 7,
        "3.5": 6,
        "2.0": 4,
        "1.0": 2,
        "2.5": 1,
        "0.5": 1
      }
    },
    "tags": [
      "Holocaust",
      "bittersweet",
      "emotional",
      "Heartwarming",
      "poignant",
      "sentimental",
      "tear jerker",
      "tearjerking"
    ]
  },
  {
    "title": "City of God (Cidade de Deus) (2002)",
    "genres": [
      "Action",
      "Adventure",
      "Crime",
      "Drama",
      "Thriller"
    ],
    "ratings": {
      "count": 75,
      "average": 4.1466666666666665,
      "distribution": {
        "4.0": 26,
        "5.0": 21,
        "4.5": 11,
        "3.5": 10,
        "3.0": 4,
        "2.5": 1,
        "1.0": 1,
        "2.0": 1
      }
    },
    "tags": [
      "multiple storylines",
      "true story",
      "crime",
      "photography",
      "violence",
      "not seen"
    ]
  },
  {
    "title": "Saving Private Ryan (1998)",
    "genres": [
      "Action",
      "Drama",
      "War"
    ],
    "ratings": {
      "count": 188,
      "average": 4.1462765957446805,
      "distribution": {
        "5.0": 61,
        "4.0": 56,
        "4.5": 24,
        "3.5": 20,
        "3.0": 18,
        "2.0": 4,
        "2.5": 4,
        "0.5": 1
      }
    },
    "tags": [
      "World War II"
    ]
  },
  {
    "title": "Good, the Bad and the Ugly, The (Buono, il brutto, il cattivo, Il) (1966)",
    "genres": [
      "Action",
      "Adventure",
      "Western"
    ],
    "ratings": {
      "count": 72,
      "average": 4.145833333333333,
      "distribution": {
        "4.0": 25,
        "5.0": 24,
        "4.5": 8,
        "3.0": 6,
        "3.5": 5,
        "1.5": 1,
        "1.0": 1,
        "2.5": 1,
        "2.0": 1
      }
    },
    "tags": [
      "spaghetti western"
    ]
  },
  {
    "title": "Star Wars: Episode VI - Return of the Jedi (1983)",
    "genres": [
      "Action",
      "Adventure",
      "Sci-Fi"
    ],
    "ratings": {
      "count": 196,
      "average": 4.137755102040816,
      "distribution": {
        "5.0": 65,
        "4.0": 58,
        "4.5": 27,
        "3.0": 20,
        "3.5": 15,
        "2.0": 7,
        "1.0": 2,
        "2.5": 1,
        "1.5": 1
      }
    },
    "tags": [
      "darth vader",
      "luke skywalker",
      "space opera"
    ]
  },
  {
    "title": "Inglourious Basterds (2009)",
    "genres": [
      "Action",
      "Drama",
      "War"
    ],
    "ratings": {
      "count": 88,
      "average": 4.136363636363637,
      "distribution": {
        "4.0": 27,
        "5.0": 21,
        "4.5": 20,
        "3.5": 13,
        "3.0": 4,
        "0.5": 2,
        "2.5": 1
      }
    },
    "tags": [
      "black comedy",
      "Brad Pitt",
      "Christoph Waltz",
      "Quentin Tarantino",
      "satire"
    ]
  },
  {
    "title": "Memento (2000)",
    "genres": [
      "Mystery",
      "Thriller"
    ],
    "ratings": {
      "count": 159,
      "average": 4.122641509433962,
      "distribution": {
        "5.0": 42,
        "4.5": 41,
        "4.0": 39,
        "3.5": 18,
        "3.0": 9,
        "2.0": 3,
        "1.0": 3,
        "1.5": 2,
        "2.5": 1,
        "0.5": 1
      }
    },
    "tags": [
      "dark",
      "Mindfuck",
      "nonlinear",
      "psychology",
      "twist ending",
      "mystery",
      "psychological",
      "twist ending",
      "Backwards. memory",
      "mystery",
      "twist ending",
      "cerebral",
      "dreamlike"
    ]
  },
  {
    "title": "To Kill a Mockingbird (1962)",
    "genres": [
      "Drama"
    ],
    "ratings": {
      "count": 58,
      "average": 4.120689655172414,
      "distribution": {
        "4.0": 19,
        "5.0": 19,
        "3.0": 10,
        "4.5": 6,
        "3.5": 3,
        "0.5": 1
      }
    },
    "tags": [
      "Harper Lee",
      "racism"
    ]
  },
  {
    "title": "Lord of the Rings: The Return of the King, The (2003)",
    "genres": [
      "Action",
      "Adventure",
      "Drama",
      "Fantasy"
    ],
    "ratings": {
      "count": 185,
      "average": 4.118918918918919,
      "distribution": {
        "4.0": 53,
        "5.0": 53,
        "4.5": 34,
        "3.5": 20,
        "3.0": 14,
        "2.0": 5,
        "1.5": 2,
        "1.0": 2,
        "2.5": 2
      }
    },
    "tags": [
      "Adventure",
      "ensemble cast",
      "fantasy",
      "fantasy world",
      "great soundtrack",
      "lord of the rings",
      "scenic",
      "stylized",
      "Tolkien",
      "Tolkein"
    ]
  },
  {
    "title": "Fargo (1996)",
    "genres": [
      "Comedy",
      "Crime",
      "Drama",
      "Thriller"
    ],
    "ratings": {
      "count": 181,
      "average": 4.116022099447513,
      "distribution": {
        "5.0": 57,
        "4.0": 56,
        "3.0": 24,
        "4.5": 24,
        "3.5": 10,
        "2.0": 8,
        "2.5": 2
      }
    },
    "tags": [
      "based on a true story",
      "dark comedy",
      "KIDNAPPING",
      "Steve Buscemi",
      "Coen Brothers"
    ]
  },
  {
    "title": "Toy Story 3 (2010)",
    "genres": [
      "Adventure",
      "Animation",
      "Children",
      "Comedy",
      "Fantasy",
      "IMAX"
    ],
    "ratings": {
      "count": 55,
      "average": 4.109090909090909,
      "distribution": {
        "4.0": 23,
        "5.0": 14,
        "4.5": 7,
        "3.5": 6,
        "2.0": 3,
        "3.0": 1,
        "2.5": 1
      }
    },
    "tags": []
  },
  {
    "title": "Lord of the Rings: The Fellowship of the Ring, The (2001)",
    "genres": [
      "Adventure",
      "Fantasy"
    ],
    "ratings": {
      "count": 198,
      "average": 4.106060606060606,
      "distribution": {
        "5.0": 62,
        "4.0": 46,
        "4.5": 38,
        "3.5": 22,
        "3.0": 15,
        "2.0": 8,
        "0.5": 2,
        "1.5": 2,
        "2.5": 2,
        "1.0": 1
      }
    },
    "tags": [
      "fantasy",
      "high fantasy",
      "Magic",
      "mythology",
      "tolkien",
      "wizards",
      "Tolkein"
    ]
  },
  {
    "title": "Taxi Driver (1976)",
    "genres": [
      "Crime",
      "Drama",
      "Thriller"
    ],
    "ratings": {
      "count": 104,
      "average": 4.105769230769231,
      "distribution": {
        "5.0": 32,
        "4.0": 29,
        "3.0": 17,
        "4.5": 15,
        "3.5": 7,
        "2.0": 4
      }
    },
    "tags": [
      "assassination"
    ]
  },
  {
    "title": "Blade Runner (1982)",
    "genres": [
      "Action",
      "Sci-Fi",
      "Thriller"
    ],
    "ratings": {
      "count": 124,
      "average": 4.100806451612903,
      "distribution": {
        "5.0": 46,
        "4.0": 30,
        "3.5": 16,
        "4.5": 12,
        "3.0": 10,
        "2.0": 4,
        "2.5": 3,
        "1.5": 1,
        "1.0": 1,
        "0.5": 1
      }
    },
    "tags": [
      "sci-fi",
      "robots",
      "androids",
      "artificial intelligence",
      "atmospheric",
      "cyberpunk",
      "future",
      "mindfuck",
      "Philip K. Dick",
      "atmospheric",
      "dreamlike",
      "existentialism",
      "philosophical"
    ]
  },
  {
    "title": "Full Metal Jacket (1987)",
    "genres": [
      "Drama",
      "War"
    ],
    "ratings": {
      "count": 102,
      "average": 4.098039215686274,
      "distribution": {
        "4.0": 36,
        "5.0": 28,
        "4.5": 15,
        "3.0": 11,
        "3.5": 6,
        "2.5": 3,
        "2.0": 2,
        "1.0": 1
      }
    },
    "tags": [
      "Vietnam",
      "anti-war"
    ]
  },
  {
    "title": "Office Space (1999)",
    "genres": [
      "Comedy",
      "Crime"
    ],
    "ratings": {
      "count": 94,
      "average": 4.090425531914893,
      "distribution": {
        "4.0": 28,
        "5.0": 22,
        "4.5": 22,
        "3.0": 10,
        "3.5": 6,
        "2.0": 3,
        "2.5": 2,
        "1.5": 1
      }
    },
    "tags": [
      "stapler",
      "workplace"
    ]
  },
  {
    "title": "Shining, The (1980)",
    "genres": [
      "Horror"
    ],
    "ratings": {
      "count": 109,
      "average": 4.08256880733945,
      "distribution": {
        "4.0": 40,
        "5.0": 29,
        "3.5": 14,
        "4.5": 12,
        "3.0": 7,
        "2.5": 4,
        "2.0": 3
      }
    },
    "tags": [
      "atmospheric",
      "disturbing",
      "Horror",
      "jack nicholson",
      "masterpiece",
      "psychological",
      "Stanley Kubrick",
      "suspense",
      "Stephen King"
    ]
  },
  {
    "title": "Good Will Hunting (1997)",
    "genres": [
      "Drama",
      "Romance"
    ],
    "ratings": {
      "count": 141,
      "average": 4.078014184397163,
      "distribution": {
        "4.0": 42,
        "5.0": 34,
        "4.5": 27,
        "3.0": 20,
        "3.5": 13,
        "2.0": 2,
        "2.5": 2,
        "1.0": 1
      }
    },
    "tags": [
      "inspirational",
      "heartwarming",
      "inspirational"
    ]
  },
  {
    "title": "Inception (2010)",
    "genres": [
      "Action",
      "Crime",
      "Drama",
      "Mystery",
      "Sci-Fi",
      "Thriller",
      "IMAX"
    ],
    "ratings": {
      "count": 143,
      "average": 4.066433566433567,
      "distribution": {
        "5.0": 41,
        "4.0": 38,
        "4.5": 28,
        "3.5": 14,
        "3.0": 8,
        "2.5": 5,
        "1.5": 3,
        "2.0": 3,
        "1.0": 2,
        "0.5": 1
      }
    },
    "tags": [
      "action",
      "alternate reality",
      "Leonardo DiCaprio",
      "sci-fi",
      "thought-provoking",
      "visually appealing",
      "dreamlike",
      "surreal",
      "visually appealing",
      "big budget",
      "clever",
      "complicated",
      "dead wife",
      "great soundtrack",
      "heist",
      "intellectual",
      "mindfuck",
      "philosophy",
      "psychological",
      "psychology",
      "suspense",
      "thought-provoking",
      "cerebral",
      "dreamlike",
      "philosophy",
      "thought-provoking"
    ]
  },
  {
    "title": "Graduate, The (1967)",
    "genres": [
      "Comedy",
      "Drama",
      "Romance"
    ],
    "ratings": {
      "count": 79,
      "average": 4.063291139240507,
      "distribution": {
        "5.0": 24,
        "4.0": 21,
        "4.5": 12,
        "3.0": 9,
        "3.5": 7,
        "2.0": 4,
        "1.0": 1,
        "2.5": 1
      }
    },
    "tags": [
      "Simon and Garfunkel"
    ]
  },
  {
    "title": "L.A. Confidential (1997)",
    "genres": [
      "Crime",
      "Film-Noir",
      "Mystery",
      "Thriller"
    ],
    "ratings": {
      "count": 97,
      "average": 4.061855670103093,
      "distribution": {
        "4.0": 34,
        "5.0": 25,
        "4.5": 13,
        "3.5": 11,
        "3.0": 9,
        "2.0": 3,
        "2.5": 1,
        "0.5": 1
      }
    },
    "tags": [
      "Police"
    ]
  },
  {
    "title": "WALL\u00b7E (2008)",
    "genres": [
      "Adventure",
      "Animation",
      "Children",
      "Romance",
      "Sci-Fi"
    ],
    "ratings": {
      "count": 104,
      "average": 4.0576923076923075,
      "distribution": {
        "4.0": 28,
        "5.0": 27,
        "3.5": 19,
        "4.5": 18,
        "2.0": 4,
        "2.5": 4,
        "3.0": 3,
        "0.5": 1
      }
    },
    "tags": [
      "last man on earth",
      "love story",
      "Post apocalyptic",
      "social commentary"
    ]
  },
  {
    "title": "American Beauty (1999)",
    "genres": [
      "Drama",
      "Romance"
    ],
    "ratings": {
      "count": 204,
      "average": 4.056372549019608,
      "distribution": {
        "4.0": 66,
        "5.0": 65,
        "3.5": 23,
        "4.5": 21,
        "3.0": 11,
        "1.0": 7,
        "2.5": 6,
        "2.0": 4,
        "0.5": 1
      }
    },
    "tags": []
  },
  {
    "title": "Lock, Stock & Two Smoking Barrels (1998)",
    "genres": [
      "Comedy",
      "Crime",
      "Thriller"
    ],
    "ratings": {
      "count": 67,
      "average": 4.052238805970149,
      "distribution": {
        "5.0": 19,
        "4.0": 19,
        "3.0": 10,
        "4.5": 9,
        "3.5": 8,
        "1.0": 2
      }
    },
    "tags": []
  },
  {
    "title": "Guardians of the Galaxy (2014)",
    "genres": [
      "Action",
      "Adventure",
      "Sci-Fi"
    ],
    "ratings": {
      "count": 59,
      "average": 4.0508474576271185,
      "distribution": {
        "4.5": 14,
        "4.0": 14,
        "5.0": 13,
        "3.5": 9,
        "3.0": 7,
        "1.5": 1,
        "1.0": 1
      }
    },
    "tags": [
      "funny",
      "Great Visuals",
      "humorous",
      "unlikely hero"
    ]
  },
  {
    "title": "Indiana Jones and the Last Crusade (1989)",
    "genres": [
      "Action",
      "Adventure"
    ],
    "ratings": {
      "count": 140,
      "average": 4.046428571428572,
      "distribution": {
        "4.0": 55,
        "5.0": 31,
        "4.5": 19,
        "3.5": 16,
        "3.0": 14,
        "2.0": 2,
        "1.0": 1,
        "2.5": 1,
        "0.5": 1
      }
    },
    "tags": [
      "archaeology",
      "Holy Grail"
    ]
  },
  {
    "title": "Citizen Kane (1941)",
    "genres": [
      "Drama",
      "Mystery"
    ],
    "ratings": {
      "count": 69,
      "average": 4.043478260869565,
      "distribution": {
        "5.0": 22,
        "4.0": 20,
        "3.5": 8,
        "4.5": 8,
        "3.0": 4,
        "1.5": 2,
        "2.5": 2,
        "2.0": 2,
        "1.0": 1
      }
    },
    "tags": [
      "Rosebud"
    ]
  },
  {
    "title": "King's Speech, The (2010)",
    "genres": [
      "Drama"
    ],
    "ratings": {
      "count": 58,
      "average": 4.043103448275862,
      "distribution": {
        "4.0": 21,
        "5.0": 11,
        "3.5": 10,
        "4.5": 9,
        "3.0": 5,
        "2.5": 2
      }
    },
    "tags": []
  },
  {
    "title": "Trainspotting (1996)",
    "genres": [
      "Comedy",
      "Crime",
      "Drama"
    ],
    "ratings": {
      "count": 102,
      "average": 4.03921568627451,
      "distribution": {
        "4.0": 31,
        "5.0": 24,
        "4.5": 17,
        "3.5": 16,
        "3.0": 8,
        "2.0": 3,
        "2.5": 2,
        "0.5": 1
      }
    },
    "tags": [
      "based on a book",
      "dark comedy",
      "narrated",
      "drug abuse"
    ]
  },
  {
    "title": "Army of Darkness (1993)",
    "genres": [
      "Action",
      "Adventure",
      "Comedy",
      "Fantasy",
      "Horror"
    ],
    "ratings": {
      "count": 51,
      "average": 4.03921568627451,
      "distribution": {
        "5.0": 15,
        "4.0": 14,
        "3.5": 7,
        "4.5": 6,
        "3.0": 5,
        "2.0": 3,
        "2.5": 1
      }
    },
    "tags": []
  },
  {
    "title": "Back to the Future (1985)",
    "genres": [
      "Adventure",
      "Comedy",
      "Sci-Fi"
    ],
    "ratings": {
      "count": 171,
      "average": 4.038011695906433,
      "distribution": {
        "4.0": 53,
        "5.0": 49,
        "3.5": 22,
        "4.5": 19,
        "3.0": 16,
        "2.0": 6,
        "2.5": 3,
        "1.0": 2,
        "1.5": 1
      }
    },
    "tags": [
      "time travel"
    ]
  },
  {
    "title": "Psycho (1960)",
    "genres": [
      "Crime",
      "Horror"
    ],
    "ratings": {
      "count": 83,
      "average": 4.036144578313253,
      "distribution": {
        "4.0": 26,
        "5.0": 21,
        "4.5": 14,
        "3.0": 13,
        "3.5": 4,
        "2.0": 2,
        "2.5": 2,
        "1.0": 1
      }
    },
    "tags": [
      "Alfred Hitchcock",
      "psychology",
      "suspenseful",
      "tense",
      "Norman Bates",
      "Alfred Hitchcock",
      "black and white",
      "imdb top 250",
      "remade"
    ]
  },
  {
    "title": "Wallace & Gromit: The Wrong Trousers (1993)",
    "genres": [
      "Animation",
      "Children",
      "Comedy",
      "Crime"
    ],
    "ratings": {
      "count": 56,
      "average": 4.035714285714286,
      "distribution": {
        "5.0": 18,
        "4.0": 15,
        "4.5": 8,
        "3.0": 6,
        "3.5": 4,
        "2.0": 2,
        "0.5": 1,
        "2.5": 1,
        "1.0": 1
      }
    },
    "tags": [
      "Aardman"
    ]
  },
  {
    "title": "It's a Wonderful Life (1946)",
    "genres": [
      "Children",
      "Drama",
      "Fantasy",
      "Romance"
    ],
    "ratings": {
      "count": 58,
      "average": 4.0344827586206895,
      "distribution": {
        "5.0": 20,
        "4.0": 17,
        "4.5": 6,
        "3.5": 4,
        "3.0": 4,
        "2.0": 3,
        "2.5": 2,
        "1.5": 1,
        "0.5": 1
      }
    },
    "tags": [
      "Christmas"
    ]
  },
  {
    "title": "Lost in Translation (2003)",
    "genres": [
      "Comedy",
      "Drama",
      "Romance"
    ],
    "ratings": {
      "count": 74,
      "average": 4.033783783783784,
      "distribution": {
        "4.0": 18,
        "5.0": 18,
        "4.5": 13,
        "3.0": 11,
        "3.5": 11,
        "2.0": 2,
        "2.5": 1
      }
    },
    "tags": [
      "atmospheric",
      "Japan"
    ]
  },
  {
    "title": "Braveheart (1995)",
    "genres": [
      "Action",
      "Drama",
      "War"
    ],
    "ratings": {
      "count": 237,
      "average": 4.031645569620253,
      "distribution": {
        "5.0": 80,
        "4.0": 65,
        "3.0": 30,
        "3.5": 22,
        "4.5": 21,
        "2.5": 6,
        "2.0": 5,
        "1.0": 4,
        "1.5": 3,
        "0.5": 1
      }
    },
    "tags": [
      "beautiful scenery",
      "epic",
      "historical",
      "inspirational",
      "Medieval",
      "mel gibson",
      "Oscar (Best Cinematography)",
      "revenge",
      "sword fight",
      "Scotland"
    ]
  },
  {
    "title": "Vertigo (1958)",
    "genres": [
      "Drama",
      "Mystery",
      "Romance",
      "Thriller"
    ],
    "ratings": {
      "count": 60,
      "average": 4.025,
      "distribution": {
        "4.0": 19,
        "5.0": 17,
        "4.5": 8,
        "3.0": 7,
        "3.5": 5,
        "1.0": 1,
        "2.0": 1,
        "0.5": 1,
        "2.5": 1
      }
    },
    "tags": [
      "falling",
      "Alfred Hitchcock",
      "Atmospheric",
      "imdb top 250",
      "James Stewart"
    ]
  },
  {
    "title": "Shutter Island (2010)",
    "genres": [
      "Drama",
      "Mystery",
      "Thriller"
    ],
    "ratings": {
      "count": 67,
      "average": 4.022388059701493,
      "distribution": {
        "4.5": 21,
        "4.0": 15,
        "5.0": 13,
        "3.5": 7,
        "2.5": 4,
        "3.0": 4,
        "1.0": 1,
        "2.0": 1,
        "0.5": 1
      }
    },
    "tags": [
      "insanity",
      "Leonardo DiCaprio",
      "Martin Scorsese",
      "plot twist",
      "psychological",
      "Psychological Thriller",
      "thought-provoking"
    ]
  },
  {
    "title": "Lord of the Rings: The Two Towers, The (2002)",
    "genres": [
      "Adventure",
      "Fantasy"
    ],
    "ratings": {
      "count": 188,
      "average": 4.0212765957446805,
      "distribution": {
        "4.0": 51,
        "5.0": 49,
        "4.5": 31,
        "3.5": 25,
        "3.0": 18,
        "2.0": 9,
        "2.5": 2,
        "1.0": 1,
        "1.5": 1,
        "0.5": 1
      }
    },
    "tags": [
      "Myth",
      "Tolkein"
    ]
  },
  {
    "title": "The Imitation Game (2014)",
    "genres": [
      "Drama",
      "Thriller",
      "War"
    ],
    "ratings": {
      "count": 50,
      "average": 4.02,
      "distribution": {
        "4.0": 16,
        "4.5": 14,
        "5.0": 7,
        "3.0": 6,
        "3.5": 4,
        "2.5": 2,
        "2.0": 1
      }
    },
    "tags": [
      "inspirational",
      "intelligent"
    ]
  },
  {
    "title": "L\u00e9on: The Professional (a.k.a. The Professional) (L\u00e9on) (1994)",
    "genres": [
      "Action",
      "Crime",
      "Drama",
      "Thriller"
    ],
    "ratings": {
      "count": 133,
      "average": 4.018796992481203,
      "distribution": {
        "4.0": 37,
        "5.0": 35,
        "3.0": 24,
        "4.5": 19,
        "3.5": 14,
        "1.0": 3,
        "2.0": 1
      }
    },
    "tags": [
      "assassin",
      "Jean Reno",
      "hit men",
      "Action",
      "assassin",
      "assassination",
      "assassins",
      "awkward romance",
      "corruption",
      "crime",
      "disturbing",
      "drama",
      "French",
      "friendship",
      "Gary Oldman",
      "great acting",
      "Guns",
      "hit men",
      "hitman",
      "humorous",
      "imdb top 250",
      "Jean Reno",
      "Lolita theme",
      "loneliness",
      "love story",
      "Luc Besson",
      "Natalie Portman",
      "organized crime",
      "police",
      "police corruption",
      "quirky",
      "sniper",
      "tense",
      "touching",
      "unique"
    ]
  },
  {
    "title": "This Is Spinal Tap (1984)",
    "genres": [
      "Comedy"
    ],
    "ratings": {
      "count": 66,
      "average": 4.015151515151516,
      "distribution": {
        "4.0": 25,
        "5.0": 15,
        "3.5": 8,
        "3.0": 8,
        "4.5": 7,
        "2.0": 2,
        "2.5": 1
      }
    },
    "tags": [
      "music",
      "heavy metal",
      "mockumentary",
      "music"
    ]
  },
  {
    "title": "Some Like It Hot (1959)",
    "genres": [
      "Comedy",
      "Crime"
    ],
    "ratings": {
      "count": 50,
      "average": 4.01,
      "distribution": {
        "4.0": 17,
        "5.0": 13,
        "3.5": 6,
        "3.0": 5,
        "4.5": 5,
        "2.5": 3,
        "1.5": 1
      }
    },
    "tags": [
      "men in drag"
    ]
  },
  {
    "title": "Shaun of the Dead (2004)",
    "genres": [
      "Comedy",
      "Horror"
    ],
    "ratings": {
      "count": 77,
      "average": 4.0064935064935066,
      "distribution": {
        "5.0": 20,
        "4.0": 19,
        "4.5": 14,
        "3.5": 10,
        "3.0": 7,
        "2.5": 3,
        "2.0": 2,
        "1.0": 2
      }
    },
    "tags": [
      "zombies"
    ]
  },
  {
    "title": "Prestige, The (2006)",
    "genres": [
      "Drama",
      "Mystery",
      "Sci-Fi",
      "Thriller"
    ],
    "ratings": {
      "count": 90,
      "average": 4.0055555555555555,
      "distribution": {
        "4.5": 21,
        "3.5": 21,
        "4.0": 20,
        "5.0": 17,
        "3.0": 5,
        "2.5": 3,
        "1.5": 2,
        "2.0": 1
      }
    },
    "tags": [
      "ummarti2006",
      "atmospheric",
      "enigmatic"
    ]
  },
  {
    "title": "Jaws (1975)",
    "genres": [
      "Action",
      "Horror"
    ],
    "ratings": {
      "count": 91,
      "average": 4.0054945054945055,
      "distribution": {
        "5.0": 31,
        "4.0": 24,
        "3.0": 14,
        "3.5": 12,
        "2.0": 4,
        "4.5": 4,
        "1.0": 1,
        "2.5": 1
      }
    },
    "tags": [
      "Shark"
    ]
  },
  {
    "title": "Stand by Me (1986)",
    "genres": [
      "Adventure",
      "Drama"
    ],
    "ratings": {
      "count": 91,
      "average": 4.0054945054945055,
      "distribution": {
        "4.0": 36,
        "5.0": 21,
        "3.0": 13,
        "3.5": 13,
        "4.5": 6,
        "2.0": 2
      }
    },
    "tags": [
      "Stephen King"
    ]
  },
  {
    "title": "Up (2009)",
    "genres": [
      "Adventure",
      "Animation",
      "Children",
      "Drama"
    ],
    "ratings": {
      "count": 105,
      "average": 4.004761904761905,
      "distribution": {
        "4.0": 31,
        "5.0": 25,
        "3.5": 18,
        "4.5": 14,
        "3.0": 11,
        "2.5": 4,
        "2.0": 1,
        "0.5": 1
      }
    },
    "tags": [
      "adventure",
      "Bechdel Test:Fail",
      "cartoon",
      "children",
      "computer animation",
      "divorce",
      "dogs",
      "dreams",
      "Pixar",
      "bittersweet",
      "emotional",
      "heartbreaking",
      "touching"
    ]
  },
  {
    "title": "Hot Fuzz (2007)",
    "genres": [
      "Action",
      "Comedy",
      "Crime",
      "Mystery"
    ],
    "ratings": {
      "count": 61,
      "average": 4.0,
      "distribution": {
        "4.5": 16,
        "4.0": 14,
        "5.0": 12,
        "3.5": 11,
        "3.0": 3,
        "1.0": 2,
        "2.0": 2,
        "2.5": 1
      }
    },
    "tags": [
      "british comedy"
    ]
  },
  {
    "title": "Beautiful Mind, A (2001)",
    "genres": [
      "Drama",
      "Romance"
    ],
    "ratings": {
      "count": 123,
      "average": 4.0,
      "distribution": {
        "4.0": 47,
        "4.5": 22,
        "5.0": 21,
        "3.5": 15,
        "3.0": 12,
        "2.5": 4,
        "1.0": 1,
        "0.5": 1
      }
    },
    "tags": [
      "mathematics"
    ]
  },
  {
    "title": "Run Lola Run (Lola rennt) (1998)",
    "genres": [
      "Action",
      "Crime"
    ],
    "ratings": {
      "count": 75,
      "average": 4.0,
      "distribution": {
        "4.0": 34,
        "5.0": 11,
        "4.5": 11,
        "3.5": 9,
        "3.0": 7,
        "2.5": 2,
        "2.0": 1
      }
    },
    "tags": [
      "alternate endings"
    ]
  },
  {
    "title": "Clockwork Orange, A (1971)",
    "genres": [
      "Crime",
      "Drama",
      "Sci-Fi",
      "Thriller"
    ],
    "ratings": {
      "count": 120,
      "average": 3.995833333333333,
      "distribution": {
        "5.0": 36,
        "4.0": 36,
        "4.5": 14,
        "3.0": 12,
        "3.5": 11,
        "2.5": 3,
        "2.0": 3,
        "1.0": 2,
        "0.5": 2,
        "1.5": 1
      }
    },
    "tags": [
      "brainwashing"
    ]
  },
  {
    "title": "Dark Knight Rises, The (2012)",
    "genres": [
      "Action",
      "Adventure",
      "Crime",
      "IMAX"
    ],
    "ratings": {
      "count": 76,
      "average": 3.9934210526315788,
      "distribution": {
        "4.0": 25,
        "5.0": 17,
        "4.5": 13,
        "3.5": 10,
        "3.0": 6,
        "1.0": 2,
        "2.0": 1,
        "0.5": 1,
        "2.5": 1
      }
    },
    "tags": [
      "Anne Hathaway",
      "Christian Bale",
      "Christopher Nolan",
      "comic book",
      "great ending",
      "Morgan Freeman",
      "political commentary",
      "superhero"
    ]
  },
  {
    "title": "Interstellar (2014)",
    "genres": [
      "Sci-Fi",
      "IMAX"
    ],
    "ratings": {
      "count": 73,
      "average": 3.993150684931507,
      "distribution": {
        "5.0": 22,
        "3.0": 14,
        "4.0": 12,
        "3.5": 11,
        "4.5": 11,
        "0.5": 2,
        "2.5": 1
      }
    },
    "tags": [
      "black hole",
      "sci-fi",
      "time-travel",
      "Christopher Nolan",
      "sci-fi",
      "time-travel",
      "bad dialogue",
      "philosophical issues",
      "thought-provoking",
      "visually appealing"
    ]
  },
  {
    "title": "Young Frankenstein (1974)",
    "genres": [
      "Comedy",
      "Fantasy"
    ],
    "ratings": {
      "count": 69,
      "average": 3.9927536231884058,
      "distribution": {
        "4.0": 29,
        "5.0": 18,
        "3.0": 7,
        "4.5": 5,
        "3.5": 4,
        "2.5": 3,
        "2.0": 2,
        "0.5": 1
      }
    },
    "tags": [
      "spoof"
    ]
  },
  {
    "title": "Fugitive, The (1993)",
    "genres": [
      "Thriller"
    ],
    "ratings": {
      "count": 190,
      "average": 3.9921052631578946,
      "distribution": {
        "4.0": 79,
        "5.0": 46,
        "3.0": 31,
        "3.5": 14,
        "4.5": 12,
        "2.5": 4,
        "2.0": 3,
        "0.5": 1
      }
    },
    "tags": [
      "based on a TV show"
    ]
  },
  {
    "title": "Raising Arizona (1987)",
    "genres": [
      "Comedy"
    ],
    "ratings": {
      "count": 58,
      "average": 3.9913793103448274,
      "distribution": {
        "4.0": 19,
        "5.0": 18,
        "3.5": 6,
        "3.0": 5,
        "2.0": 4,
        "4.5": 4,
        "1.0": 1,
        "2.5": 1
      }
    },
    "tags": [
      "Coen Brothers"
    ]
  },
  {
    "title": "Platoon (1986)",
    "genres": [
      "Drama",
      "War"
    ],
    "ratings": {
      "count": 63,
      "average": 3.984126984126984,
      "distribution": {
        "4.0": 24,
        "5.0": 17,
        "3.5": 6,
        "3.0": 6,
        "4.5": 5,
        "2.5": 2,
        "1.0": 2,
        "1.5": 1
      }
    },
    "tags": [
      "Vietnam"
    ]
  },
  {
    "title": "Twelve Monkeys (a.k.a. 12 Monkeys) (1995)",
    "genres": [
      "Mystery",
      "Sci-Fi",
      "Thriller"
    ],
    "ratings": {
      "count": 177,
      "average": 3.983050847457627,
      "distribution": {
        "4.0": 61,
        "5.0": 45,
        "3.0": 31,
        "3.5": 22,
        "4.5": 12,
        "2.0": 3,
        "2.5": 2,
        "1.0": 1
      }
    },
    "tags": [
      "time travel",
      "time travel",
      "Brad Pitt",
      "Bruce Willis",
      "mindfuck",
      "Post apocalyptic",
      "post-apocalyptic",
      "remake",
      "time travel",
      "twist ending"
    ]
  },
  {
    "title": "Donnie Darko (2001)",
    "genres": [
      "Drama",
      "Mystery",
      "Sci-Fi",
      "Thriller"
    ],
    "ratings": {
      "count": 109,
      "average": 3.981651376146789,
      "distribution": {
        "4.0": 31,
        "5.0": 25,
        "4.5": 21,
        "3.5": 16,
        "3.0": 5,
        "2.5": 4,
        "1.5": 2,
        "1.0": 2,
        "2.0": 2,
        "0.5": 1
      }
    },
    "tags": [
      "atmospheric",
      "cult film",
      "dreamlike",
      "hallucinatory",
      "psychological",
      "surreal",
      "time travel",
      "jake gyllenhaal",
      "time travel",
      "dreamlike",
      "hallucinatory",
      "mental illness",
      "psychology",
      "social commentary",
      "teen",
      "thought-provoking",
      "atmospheric",
      "cerebral",
      "dreamlike",
      "enigmatic",
      "hallucinatory",
      "mental illness",
      "mindfuck",
      "philosophy",
      "psychological",
      "quirky",
      "surreal",
      "thought-provoking",
      "weird"
    ]
  },
  {
    "title": "Sting, The (1973)",
    "genres": [
      "Comedy",
      "Crime"
    ],
    "ratings": {
      "count": 64,
      "average": 3.9765625,
      "distribution": {
        "4.0": 26,
        "5.0": 15,
        "4.5": 8,
        "3.0": 5,
        "3.5": 4,
        "2.5": 2,
        "2.0": 2,
        "0.5": 1,
        "1.0": 1
      }
    },
    "tags": [
      "The Entertainer"
    ]
  },
  {
    "title": "Seven (a.k.a. Se7en) (1995)",
    "genres": [
      "Mystery",
      "Thriller"
    ],
    "ratings": {
      "count": 203,
      "average": 3.9753694581280787,
      "distribution": {
        "4.0": 59,
        "5.0": 52,
        "3.0": 34,
        "4.5": 29,
        "3.5": 17,
        "2.0": 8,
        "0.5": 2,
        "1.0": 2
      }
    },
    "tags": [
      "mystery",
      "twist ending",
      "serial killer"
    ]
  },
  {
    "title": "28 Days Later (2002)",
    "genres": [
      "Action",
      "Horror",
      "Sci-Fi"
    ],
    "ratings": {
      "count": 58,
      "average": 3.9741379310344827,
      "distribution": {
        "4.0": 17,
        "4.5": 15,
        "3.5": 10,
        "5.0": 8,
        "3.0": 4,
        "2.0": 2,
        "1.5": 1,
        "2.5": 1
      }
    },
    "tags": [
      "zombies",
      "zombies"
    ]
  },
  {
    "title": "Christmas Story, A (1983)",
    "genres": [
      "Children",
      "Comedy"
    ],
    "ratings": {
      "count": 55,
      "average": 3.9727272727272727,
      "distribution": {
        "5.0": 18,
        "4.0": 16,
        "3.0": 7,
        "3.5": 7,
        "2.0": 2,
        "4.5": 2,
        "2.5": 2,
        "1.0": 1
      }
    },
    "tags": [
      "Christmas"
    ]
  }
]