movie,genre
All Dogs Go to Heaven 2 (1996),Children
Ratatouille (2007),Children
"Incredibles, The (2004)",Children
"Jungle Book, The (1967)",Children
Thumbelina (1994),Children
Doctor Who: The Waters of Mars (2009),Children
Kung Fu Panda: Secrets of the Masters (2011),Children
Aladdin and the King of Thieves (1996),Children
Swiss Family Robinson (1960),Children
Good Burger (1997),Children
Because of Winn-Dixie (2005),Children
The Lego Movie (2014),Children
"Golden Compass, The (2007)",Children
Ferngully: The Last Rainforest (1992),Children
Candleshoe (1977),Children
Elf (2003),Children
Batman: Mask of the Phantasm (1993),Children
Fantastic Mr. Fox (2009),Children
"Nut Job, The (2014)",Children
Wallace & Gromit: The Wrong Trousers (1993),Children
"Next Karate Kid, The (1994)",Children
George of the Jungle (1997),Children
"Water Horse: Legend of the Deep, The (2007)",Children
Vovka in the Kingdom of Far Far Away (1965),Children
3 Ninjas Knuckle Up (1995),Children
"Karate Kid, The (2010)",Children
Christmas with the Kranks (2004),Children
"Emperor's New Groove 2: Kronk's New Groove, The (2005)",Children
"Watcher in the Woods, The (1980)",Children
Gena the Crocodile (1969),Children
"Apple Dumpling Gang Rides Again, The (1979)",Children
Paulie (1998),Children
Rango (2011),Children
"Road to El Dorado, The (2000)",Children
Aquamarine (2006),Children
"Muppets, The (2011)",Children
Valiant (2005),Children
Tom and Jerry: Shiver Me Whiskers (2006),Children
"Wizard of Oz, The (1939)",Children
Moana (2016),Children
"NeverEnding Story II: The Next Chapter, The (1990)",Children
Home Alone 3 (1997),Children
Jack-Jack Attack (2005),Children
"American Tail, An (1986)",Children
"Hunchback of Notre Dame, The (1996)",Children
"Cat from Outer Space, The (1978)",Children
"Sandlot, The (1993)",Children
Beethoven's 2nd (1993),Children
Madagascar: Escape 2 Africa (2008),Children
"Jungle Book, The (1994)",Children
It's a Very Merry Muppet Christmas Movie (2002),Children
"Bear, The (Ours, L') (1988)",Children
Robots (2005),Children
Garfield: The Movie (2004),Children
Saving Christmas (2014),Children
Peter Pan (1953),Children
"Little Drummer Boy, The (1968)",Children
Pete's Dragon (2016),Children
Madeline (1998),Children
"Snowflake, the White Gorilla (2011)",Children
Asterix and the Vikings (Astérix et les Vikings) (2006),Children
Ice Age: A Mammoth Christmas (2011),Children
Arthur Christmas (2011),Children
Air Bud (1997),Children
Curious George (2006),Children
Balto (1995),Children
Big Top Pee-Wee (1988),Children
Laputa: Castle in the Sky (Tenkû no shiro Rapyuta) (1986),Children
Buddy (1997),Children
"All Dogs Christmas Carol, An (1998)",Children
"Smurfs 2, The (2013)",Children
G.I. Joe: The Movie (1987),Children
Son of the Mask (2005),Children
Wallace & Gromit in The Curse of the Were-Rabbit (2005),Children
Song of the South (1946),Children
Geri's Game (1997),Children
Bugsy Malone (1976),Children
Return from Witch Mountain (1978),Children
"Red Balloon, The (Ballon rouge, Le) (1956)",Children
Addams Family Values (1993),Children
Space Buddies (2009),Children
RocketMan (a.k.a. Rocket Man) (1997),Children
Jonah: A VeggieTales Movie (2002),Children
Titan A.E. (2000),Children
Daffy Duck's Quackbusters (1988),Children
Land Before Time III: The Time of the Great Giving (1995),Children
TMNT (Teenage Mutant Ninja Turtles) (2007),Children
Mulan (1998),Children
"In the blue sea, in the white foam. (1984)",Children
Risen (2016),Children
Angels in the Outfield (1994),Children
Casper (1995),Children
Despicable Me (2010),Children
Alice Through the Looking Glass (2016),Children
Big Top Scooby-Doo! (2012),Children
"Princess and the Frog, The (2009)",Children
Cloudy with a Chance of Meatballs 2 (2013),Children
"Adventures of Huck Finn, The (1993)",Children
Ice Age (2002),Children
Wide Awake (1998),Children
Cinderella (1950),Children
"Flintstones in Viva Rock Vegas, The (2000)",Children
Cosmic Scrat-tastrophe (2015),Children
"Parent Trap, The (1961)",Children
Cinderella (2015),Children
Are We There Yet? (2005),Children
"Black Hole, The (1979)",Children
Peter Pan (2003),Children
"Karate Kid, Part III, The (1989)",Children
Flipper (1996),Children
My Neighbor Totoro (Tonari no Totoro) (1988),Children
Alvin and the Chipmunks: The Squeakquel (2009),Children
Flubber (1997),Children
Scooby-Doo! Curse of the Lake Monster (2010),Children
"Amazing Panda Adventure, The (1995)",Children
Steamboat Willie (1928),Children
Despicable Me 2 (2013),Children
Spirit: Stallion of the Cimarron (2002),Children
"Jungle Book 2, The (2003)",Children
All Dogs Go to Heaven (1989),Children
Yogi Bear (2010),Children
Tangled (2010),Children
Meet Dave (2008),Children
"Powerpuff Girls, The (2002)",Children
"Wizard, The (1989)",Children
Home Alone 2: Lost in New York (1992),Children
Bad News Bears (2005),Children
Home Alone (1990),Children
Gulliver's Travels (1996),Children
Alvin and the Chipmunks (2007),Children
Doctor Who: The Next Doctor (2008),Children
Oliver & Company (1988),Children
Matilda (1996),Children
James and the Giant Peach (1996),Children
Looney Tunes: Back in Action (2003),Children
Tarzan (1999),Children
"Adventures of Sharkboy and Lavagirl 3-D, The (2005)",Children
Dragon Ball: Sleeping Princess in Devil's Castle (Doragon bôru: Majinjô no nemuri hime) (1987),Children
Sleeping Beauty (1959),Children
Ice Age: Dawn of the Dinosaurs (2009),Children
In Search of the Castaways (1962),Children
Daddy Day Camp (2007),Children
Scooby-Doo (2002),Children
"5,000 Fingers of Dr. T, The (1953)",Children
Wow! A Talking Fish! (1983),Children
The Cave of the Golden Rose (1991),Children
Jumanji: Welcome to the Jungle (2017),Children
Agent Cody Banks (2003),Children
"Goofy Movie, A (1995)",Children
Dreamer: Inspired by a True Story (2005),Children
"Santa Clause 2, The (2002)",Children
"Chronicles of Narnia: The Lion, the Witch and the Wardrobe, The (2005)",Children
Mouse Hunt (1997),Children
Rock-A-Doodle (1991),Children
Sing (2016),Children
Ice Age: The Great Egg-Scapade (2016),Children
"Land Before Time, The (1988)",Children
"Little Vampire, The (2000)",Children
Dragon Ball: The Curse Of The Blood Rubies (Doragon bôru: Shenron no densetsu) (1986),Children
RV (2006),Children
"Wiz, The (1978)",Children
Pinocchio (2002),Children
Blank Check (1994),Children
Return to Oz (1985),Children
Beauty and the Beast: The Enchanted Christmas (1997),Children
Pokémon: The First Movie (1998),Children
"Adventures of Ichabod and Mr. Toad, The (1949)",Children
Yongary: Monster from the Deep (1967),Children
Bambi (1942),Children
Herbie Goes Bananas (1980),Children
The Love Bug (1997),Children
Babe (1995),Children
Stuart Little (1999),Children
Mary Poppins (1964),Children
Open Season (2006),Children
Shiloh (1997),Children
"NeverEnding Story, The (1984)",Children
Ultimate Avengers (2006),Children
Born to Be Wild (1995),Children
How to Train Your Dragon (2010),Children
Asterix in America (a.k.a Asterix Conquers America) (Astérix et les Indiens) (1994),Children
Gulliver's Travels (1939),Children
"Emperor's New Groove, The (2000)",Children
Cars 2 (2011),Children
Dumbo (1941),Children
Around the World in 80 Days (2004),Children
Happy Feet Two (2011),Children
Air Bud: Golden Receiver (1998),Children
Winnie the Pooh and the Blustery Day (1968),Children
Pollyanna (1960),Children
Muppet Treasure Island (1996),Children
Dragon ball Z 04: Lord Slug (1991),Children
Rio (2011),Children
That Darn Cat! (1965),Children
Quest for Camelot (1998),Children
Ratchet & Clank (2016),Children
Fantasia 2000 (1999),Children
Field of Dreams (1989),Children
Teenage Mutant Ninja Turtles III (1993),Children
D.A.R.Y.L. (1985),Children
Lilo & Stitch (2002),Children
Doctor Who: Planet of the Dead (2009),Children
Care Bears Movie II: A New Generation (1986),Children
"Care Bears Movie, The (1985)",Children
"Shaggy Dog, The (1959)",Children
Diary of a Wimpy Kid: Dog Days (2012),Children
Adventures of Mowgli: The Kidnapping (1968),Children
"Parent Trap, The (1998)",Children
Look Who's Talking Now (1993),Children
3 Ninjas: High Noon On Mega Mountain (1998),Children
Something Wicked This Way Comes (1983),Children
Space Jam (1996),Children
St. Trinian's (2007),Children
Chitty Chitty Bang Bang (1968),Children
Digimon: The Movie (2000),Children
Racing Stripes (2005),Children
101 Dalmatians (One Hundred and One Dalmatians) (1961),Children
Harry and the Hendersons (1987),Children
Anne of Green Gables (1985),Children
"Return of Jafar, The (1994)",Children
"Brave Little Toaster, The (1987)",Children
Meet the Robinsons (2007),Children
Gnomeo & Juliet (2011),Children
Himizu (2011),Children
Transformers: The Movie (1986),Children
"White Balloon, The (Badkonake sefid) (1995)",Children
Mad Hot Ballroom (2005),Children
Junior and Karlson (1968),Children
"Lion King, The (1994)",Children
Bebe's Kids (1992),Children
Hugo (2011),Children
"Music Man, The (1962)",Children
*batteries not included (1987),Children
Casper Meets Wendy (1998),Children
Zeus and Roxanne (1997),Children
"Three Caballeros, The (1945)",Children
Bedtime Stories (2008),Children
101 Dalmatians (1996),Children
"Ewok Adventure, The (a.k.a. Caravan of Courage: An Ewok Adventure) (1984)",Children
Old Yeller (1957),Children
Last Year's Snow Was Falling (1983),Children
High School Musical (2006),Children
"Yearling, The (1946)",Children
Golmaal (2006),Children
Mars Needs Moms (2011),Children
Long Live Ghosts! (1977),Children
Dudley Do-Right (1999),Children
"Rudolph, the Red-Nosed Reindeer (1964)",Children
"Smurfs, The (2011)",Children
Cloak & Dagger (1984),Children
"Baby-Sitters Club, The (1995)",Children
Luxo Jr. (1986),Children
Freaky Friday (2003),Children
"Lord of the Rings, The (1978)",Children
Heavyweights (Heavy Weights) (1995),Children
Maleficent (2014),Children
Scooby-Doo Goes Hollywood (1979),Children
Shrek (2001),Children
"Muppets Take Manhattan, The (1984)",Children
Captain Underpants: The First Epic Movie (2017),Children
Explorers (1985),Children
Alpha and Omega 3: The Great Wolf Games (2014),Children
Winnie the Pooh and Tigger Too (1974),Children
Big Fat Liar (2002),Children
Stitch! The Movie (2003),Children
Pokemon 4 Ever (a.k.a. Pokémon 4: The Movie) (2002),Children
We're Back! A Dinosaur's Story (1993),Children
Mighty Morphin Power Rangers: The Movie (1995),Children
Homeward Bound II: Lost in San Francisco (1996),Children
Percy Jackson: Sea of Monsters (2013),Children
"Twelve Tasks of Asterix, The (Les douze travaux d'Astérix) (1976)",Children
Jack Frost (1998),Children
"New Adventures of Pippi Longstocking, The (1988)",Children
Problem Child (1990),Children
"Muppet Christmas: Letters to Santa, A (2008)",Children
Addams Family Reunion (1998),Children
Babes in Toyland (1961),Children
Hocus Pocus (1993),Children
Ramona and Beezus (2010),Children
Planet 51 (2009),Children
Kazaam (1996),Children
"Book Thief, The (2013)",Children
Cinderella (1997),Children
Monsieur Lazhar (2011),Children
"Incredible Journey, The (1963)",Children
Paddington (2014),Children
"King and I, The (1999)",Children
Ernest Saves Christmas (1988),Children
Kung Fu Panda 2 (2011),Children
Bridge to Terabithia (2007),Children
"Flintstones, The (1994)",Children
Where the Wild Things Are (2009),Children
"Adventures of Elmo in Grouchland, The (1999)",Children
Partly Cloudy (2009),Children
Frosty the Snowman (1969),Children
Strange Magic (2015),Children
Shaun the Sheep Movie (2015),Children
Rollo and the Woods Sprite (Rölli ja metsänhenki) (2001),Children
Chicken Run (2000),Children
Shrek Forever After (a.k.a. Shrek: The Final Chapter) (2010),Children
Our Lips Are Sealed (2000),Children
FairyTale: A True Story (1997),Children
Karlson Returns (1970),Children
Muppets From Space (1999),Children
The Nut Job 2: Nutty by Nature (2017),Children
"Swan Princess, The (1994)",Children
For the Love of Benji (1977),Children
The Good Boy (2016),Children
Millions (2004),Children
I Remember Mama (1948),Children
"Christmas Carol, A (2009)",Children
D2: The Mighty Ducks (1994),Children
Anastasia (1997),Children
Beverly Hills Chihuahua (2008),Children
Wallace & Gromit: A Close Shave (1995),Children
Doctor Dolittle (1967),Children
Benji (1974),Children
"Polar Express, The (2004)",Children
Scooby-Doo! and the Loch Ness Monster (2004),Children
Enchanted (2007),Children
Beauty and the Beast (1991),Children
"Charlie, the Lonesome Cougar (1967)",Children
Pocahontas II: Journey to a New World (1998) ,Children
"Indian in the Cupboard, The (1995)",Children
Small Soldiers (1998),Children
Seventh Son (2014),Children
Scooby-Doo 2: Monsters Unleashed (2004),Children
Max Keeble's Big Move (2001),Children
Teenage Mutant Ninja Turtles (1990),Children
"Last Unicorn, The (1982)",Children
Ice Age 2: The Meltdown (2006),Children
"Witches, The (1990)",Children
Ponyo (Gake no ue no Ponyo) (2008),Children
Catch That Kid (2004),Children
Mickey's The Prince and the Pauper (1990),Children
Jetsons: The Movie (1990),Children
Lassie (1994),Children
Mighty Joe Young (1949),Children
Boniface's Holiday (1965),Children
Watership Down (1978),Children
"Last Mimzy, The (2007)",Children
3 Ninjas Kick Back (1994),Children
D3: The Mighty Ducks (1996),Children
Free Willy 2: The Adventure Home (1995),Children
"Black Stallion Returns, The (1983)",Children
Dinosaur (2000),Children
"Honey, We Shrunk Ourselves (1997)",Children
"Shaggy Dog, The (2006)",Children
City of Ember (2008),Children
"Absent-Minded Professor, The (1961)",Children
Nanny McPhee (2005),Children
"Simple Wish, A (1997)",Children
Young Sherlock Holmes (1985),Children
Kung Fu Panda: Secrets of the Furious Five (2008),Children
Free Willy (1993),Children
Ice Age: Collision Course (2016),Children
Home (2015),Children
"Secret Garden, The (1993)",Children
"Adventures of Mary-Kate and Ashley, The: The Case of the Christmas Caper (1995)",Children
Inspector Gadget (1999),Children
Asterix at the Olympic Games (Astérix aux jeux olympiques) (2008),Children
Stuart Little 2 (2002),Children
Those Happy Days (2006),Children
"SpongeBob SquarePants Movie, The (2004)",Children
Mr. Nanny (1993),Children
Harry Potter and the Sorcerer's Stone (a.k.a. Harry Potter and the Philosopher's Stone) (2001),Children
"Many Adventures of Winnie the Pooh, The (1977)",Children
National Velvet (1944),Children
BURN-E (2008),Children
The Good Dinosaur (2015),Children
Shrek 2 (2004),Children
Bolt (2008),Children
"Rescuers Down Under, The (1990)",Children
Finding Nemo (2003),Children
"Kid in King Arthur's Court, A (1995)",Children
North Pole: Open For Christmas (2015),Children
"Lizzie McGuire Movie, The (2003)",Children
Heidi (1937),Children
Toy Story 2 (1999),Children
"Rescuers, The (1977)",Children
Condorman (1981),Children
"Little Rascals, The (1994)",Children
Jungle2Jungle (a.k.a. Jungle 2 Jungle) (1997),Children
Over the Hedge (2006),Children
A Wrinkle in Time (2018),Children
Pete's Dragon (1977),Children
Herbie Goes to Monte Carlo (1977),Children
Escape to Witch Mountain (1975),Children
"Barefoot Executive, The (1971)",Children
"American Tail: Fievel Goes West, An (1991)",Children
Pan (2015),Children
Shrek the Third (2007),Children
"Ant Bully, The (2006)",Children
Race to Witch Mountain (2009),Children
Cars (2006),Children
"Lion King II: Simba's Pride, The (1998)",Children
Scooby-Doo! and the Samurai Sword (2009),Children
There Once Was a Dog (1982),Children
My Dog Skip (1999),Children
Bogus (1996),Children
"Secret of NIMH, The (1982)",Children
Alice in Wonderland (1933),Children
Penguins of Madagascar (2014),Children
Madagascar 3: Europe's Most Wanted (2012),Children
"Black Stallion, The (1979)",Children
"Aristocats, The (1970)",Children
Flight of the Navigator (1986),Children
Day & Night (2010),Children
The Emoji Movie (2017),Children
Robin Hood (1973),Children
"Iron Giant, The (1999)",Children
Ruby Red (2013),Children
"Borrowers, The (1997)",Children
Batman: Mystery of the Batwoman (2003),Children
Pocahontas (1995),Children
"Batman/Superman Movie, The (1998)",Children
Santa Claus: The Movie (1985),Children
"Honey, I Blew Up the Kid (1992)",Children
Benji the Hunted (1987),Children
Little Giants (1994),Children
Winnie the Pooh (2011),Children
"Little Mermaid, The (1989)",Children
Asterix and Cleopatra (Astérix et Cléopâtre) (1968),Children
Daddy Day Care (2003),Children
Brother Bear (2003),Children
Ernest Rides Again (1993),Children
Minions (2015),Children
"Bug's Life, A (1998)",Children
Richie Rich (1994),Children
Kung Fu Panda (2008),Children
"Cat in the Hat, The (2003)",Children
Son of Flubber (1963),Children
Alice in Wonderland (1951),Children
"Muppet Christmas Carol, The (1992)",Children
Kit Kittredge: An American Girl (2008),Children
Turbo: A Power Rangers Movie (1997),Children
Halloweentown (1998),Children
"Lion King 1½, The (2004)",Children
Rugrats in Paris: The Movie (2000),Children
Ernest & Célestine (Ernest et Célestine) (2012),Children
Despicable Me 3 (2017),Children
"Spy Next Door, The (2010)",Children
Bedknobs and Broomsticks (1971),Children
"Snowman, The (1982)",Children
Recess: School's Out (2001),Children
Toy Story (1995),Children
Fantasia (1940),Children
Doug's 1st Movie (1999),Children
Cats Don't Dance (1997),Children
Super Mario Bros. (1993),Children
Phineas and Ferb the Movie: Across the 2nd Dimension (2011),Children
"Little Princess, The (1939)",Children
"Muppet Movie, The (1979)",Children
Garfield: A Tail of Two Kitties (2006),Children
Newsies (1992),Children
Kirikou and the Sorceress (Kirikou et la sorcière) (1998),Children
Up (2009),Children
102 Dalmatians (2000),Children
Peter Pan (1960),Children
Sinbad: Legend of the Seven Seas (2003),Children
Tomorrowland (2015),Children
For the Birds (2000),Children
Charlie and the Chocolate Factory (2005),Children
Wild America (1997),Children
"Great Mouse Detective, The (1986)",Children
Rio 2 (2014),Children
Hoodwinked! (2005),Children
"Secret World of Arrietty, The (Kari-gurashi no Arietti) (2010)",Children
Jimmy Neutron: Boy Genius (2001),Children
Pokémon Heroes (2003),Children
Now and Then (1995),Children
A Flintstones Christmas Carol (1994),Children
Hey Arnold! The Movie (2002),Children
Treasure Planet (2002),Children
"Charlie Brown Christmas, A (1965)",Children
It's a Wonderful Life (1946),Children
"Chronicles of Narnia: Prince Caspian, The (2008)",Children
Black Beauty (1994),Children
3 Ninjas (1992),Children
MirrorMask (2005),Children
Sky High (2005),Children
To Grandmother's House We Go (1992),Children
Prancer (1989),Children
"Adventures of Pinocchio, The (1996)",Children
"Haunted Mansion, The (2003)",Children
Herbie Rides Again (1974),Children
Speed Racer (2008),Children
Blackbeard's Ghost (1968),Children
Cloudy with a Chance of Meatballs (2009),Children
Inside Out (2015),Children
"Pirates! Band of Misfits, The (2012)",Children
"Spiderwick Chronicles, The (2008)",Children
G-Force (2009),Children
Charlotte's Web (2006),Children
Tall Tale (1995),Children
Hare-um Scare-um (1939),Children
Secondhand Lions (2003),Children
"Tigger Movie, The (2000)",Children
Storks (2016),Children
Megamind (2010),Children
Presto (2008),Children
Pokémon the Movie 2000 (2000),Children
Teenage Mutant Ninja Turtles II: The Secret of the Ooze (1991),Children
Horton Hears a Who! (2008),Children
Sapphire Blue (2014),Children
"Great Muppet Caper, The (1981)",Children
The Fox and the Hound 2 (2006),Children
Atlantis: The Lost Empire (2001),Children
Scooby-Doo! Abracadabra-Doo (2010),Children
"Addams Family, The (1991)",Children
Puss in Boots (Nagagutsu o haita neko) (1969),Children
House Arrest (1996),Children
Winnie Pooh (1969),Children
Jingle All the Way (1996),Children
Happy Feet (2006),Children
Monster House (2006),Children
Santa's Little Helper (2015),Children
Saving Santa (2013),Children
Spy Kids 3-D: Game Over (2003),Children
"Rugrats Movie, The (1998)",Children
Babe: Pig in the City (1998),Children
Toy Story 3 (2010),Children
Ewoks: The Battle for Endor (1985),Children
Monkey Trouble (1994),Children
How the Grinch Stole Christmas (a.k.a. The Grinch) (2000),Children
Fluke (1995),Children
"Railway Children, The (1970)",Children
Feast (2014),Children
The Boss Baby (2017),Children
"Cat Returns, The (Neko no ongaeshi) (2002)",Children
Stuart Little 3: Call of the Wild (2005),Children
"Love Bug, The (1969)",Children
Babes in Toyland (1934),Children
Barney's Great Adventure (1998),Children
"Claymation Christmas Celebration, A (1987)",Children
Paddington 2 (2017),Children
Pokémon 3: The Movie (2001),Children
"Mighty Ducks, The (1992)",Children
Lemony Snicket's A Series of Unfortunate Events (2004),Children
"Yours, Mine and Ours (1968)",Children
Tooth Fairy 2 (2012),Children
On the Trail of the Bremen Town Musicians (1973),Children
Brave (2012),Children
"Wild, The (2006)",Children
"Peanuts Movie, The (2015)",Children
"Pagemaster, The (1994)",Children
Hercules (1997),Children
Sidekicks (1992),Children
"Christmas Story, A (1983)",Children
"NeverEnding Story III, The (1994)",Children
The Star Wars Holiday Special (1978),Children
Pinocchio (1940),Children
Into the Woods (2014),Children
Diary of a Wimpy Kid (2010),Children
"Adventures of Rocky and Bullwinkle, The (2000)",Children
Porky's Hare Hunt (1938),Children
Treasure Island (1950),Children
Surf's Up (2007),Children
Winnie the Pooh and the Honey Tree (1966),Children
Rise of the Guardians (2012),Children
"Fox and the Hound, The (1981)",Children
Far From Home: The Adventures of Yellow Dog (1995),Children
Kiki's Delivery Service (Majo no takkyûbin) (1989),Children
"Goonies, The (1985)",Children
Go Figure (2005),Children
Antz (1998),Children
Incredibles 2 (2018),Children
Camp Nowhere (1994),Children
Chicken Little (2005),Children
"Nightmare Before Christmas, The (1993)",Children
The Tale of the Bunny Picnic (1986),Children
"Monsters, Inc. (2001)",Children
1776 (1972),Children
"Sword in the Stone, The (1963)",Children
Tom and Huck (1995),Children
"Shaggy D.A., The (1976)",Children
The Even Stevens Movie (2003),Children
The BFG (2016),Children
Tangled Ever After (2012),Children
Alaska (1996),Children
Snow White and the Seven Dwarfs (1937),Children
Life-Size (2000),Children
"Adventures of Milo and Otis, The (Koneko monogatari) (1986)",Children
Little Nemo: Adventures in Slumberland (1992),Children
Hop (2011),Children
Holes (2003),Children
Elsa & Fred (2014),Children
That Darn Cat (1997),Children
Song of the Sea (2014),Children
Dunston Checks In (1996),Children
"Little Princess, A (1995)",Children
It Takes Two (1995),Children
"Honey, I Shrunk the Kids (1989)",Children
Hotel Transylvania (2012),Children
"Apple Dumpling Gang, The (1975)",Children
Piglet's Big Movie (2003),Children
Jumanji (1995),Children
101 Dalmatians II: Patch's London Adventure (2003),Children
Turbo (2013),Children
Zathura (2005),Children
"Chronicles of Narnia: The Voyage of the Dawn Treader, The (2010)",Children
Agent Cody Banks 2: Destination London (2004),Children
E.T. the Extra-Terrestrial (1982),Children
"Phantom Tollbooth, The (1970)",Children
Material Girls (2006),Children
"Princess Diaries, The (2001)",Children
Duck Amuck (1953),Children
Andre (1994),Children
WALL·E (2008),Children
Journey to the Center of the Earth (1959),Children
"Sorcerer's Apprentice, The (2010)",Children
Beethoven (1992),Children
Sisters (2015),Children
Dragon Ball: The Path to Power (Doragon bôru: Saikyô e no michi) (1996),Children
Cheaper by the Dozen (2003),Children
Son of Rambow (2007),Children
Homeward Bound: The Incredible Journey (1993),Children
Born Free (1966),Children
Kubo and the Two Strings (2016),Children
Spy Kids (2001),Children
Return to Never Land (2002),Children
Halloweentown High (2004),Children
Ferdinand (2017),Children
Harriet the Spy (1996),Children
Madagascar (2005),Children
Dragon Ball: Mystical Adventure (Doragon bôru: Makafushigi dai bôken) (1988),Children
Gordy (1995),Children
Who Framed Roger Rabbit? (1988),Children
"It's the Great Pumpkin, Charlie Brown (1966)",Children
"Big Green, The (1995)",Children
Please Don't Eat the Daisies (1960),Children
Night at the Museum: Secret of the Tomb (2014),Children
Freaky Friday (1977),Children
Spy Kids 2: The Island of Lost Dreams (2002),Children
Shark Tale (2004),Children
Aladdin (1992),Children
Lady and the Tramp (1955),Children
Like Mike (2002),Children
Fly Away Home (1996),Children
"Secret of Roan Inish, The (1994)",Children
Wizards of Waverly Place: The Movie (2009),Children
Pixel Perfect (2004),Children
Willy Wonka & the Chocolate Factory (1971),Children
Solo: A Star Wars Story (2018),Children
Coco (2017),Children
"Computer Wore Tennis Shoes, The (1969)",Children
Zootopia (2016),Children
Darby O'Gill and the Little People (1959),Children
Cats & Dogs (2001),Children
"Journey of Natty Gann, The (1985)",Children
"Black Cauldron, The (1985)",Children
"Grand Day Out with Wallace and Gromit, A (1989)",Children
First Kid (1996),Children
Ice Princess (2005),Children
Annie (1982),Children
Mulan II (2004),Children
Asterix & Obelix vs. Caesar (Astérix et Obélix contre César) (1999),Children
"Christmas Carol, A (1938)",Children
Charlotte's Web (1973),Children
"Tale of Despereaux, The (2008)",Children
Another Cinderella Story (2008),Children
Two Brothers (Deux frères) (2004),Children
Anne of Green Gables: The Sequel (a.k.a. Anne of Avonlea) (1987),Children
Snow Dogs (2002),Children
Vacancy (2007),Thriller
U-571 (2000),Thriller
For Your Eyes Only (1981),Thriller
"Haunting in Connecticut, The (2009)",Thriller
The Rocky Horror Picture Show: Let's Do the Time Warp Again (2016),Thriller
Dead Calm (1989),Thriller
Kill the Messenger (2014),Thriller
Z (1969),Thriller
"Prestige, The (2006)",Thriller
Jennifer's Body (2009),Thriller
Shrooms (2007),Thriller
La Cérémonie (1995),Thriller
"Devil's Backbone, The (Espinazo del diablo, El) (2001)",Thriller
"What's Up, Tiger Lily? (1966)",Thriller
Doomsday (2008),Thriller
Get the Gringo (2012),Thriller
Zulu (2013),Thriller
"Devil's Own, The (1997)",Thriller
Anacondas: The Hunt for the Blood Orchid (2004),Thriller
Babel (2006),Thriller
The Green Inferno (2014),Thriller
Fright Night (1985),Thriller
The Adderall Diaries (2015),Thriller
Sunshine (2007),Thriller
Puppet Master III: Toulon's Revenge (1991),Thriller
"Tenant, The (Locataire, Le) (1976)",Thriller
Resident Evil: Extinction (2007),Thriller
Wicked Blood (2014),Thriller
Jurassic Park (1993),Thriller
Dark Blue (2003),Thriller
Saw VII 3D - The Final Chapter (2010),Thriller
Angels & Demons (2009),Thriller
"Samouraï, Le (Godson, The) (1967)",Thriller
Deliverance (1972),Thriller
"Day of the Jackal, The (1973)",Thriller
Extreme Measures (1996),Thriller
"Best Offer, The (Migliore offerta, La) (2013)",Thriller
Dead Men Don't Wear Plaid (1982),Thriller
Buddy Boy (1999),Thriller
Return to Sender (2015),Thriller
Boogeyman (2005),Thriller
Carnival of Souls (1962),Thriller
Unforgettable (1996),Thriller
Basic Instinct 2 (2006),Thriller
"Vanishing, The (1993)",Thriller
"Silent Night, Deadly Night (1984)",Thriller
Stuck (2007),Thriller
"Fast & Furious 6 (Fast and the Furious 6, The) (2013)",Thriller
The Girl with All the Gifts (2016),Thriller
I Spit on Your Grave (Day of the Woman) (1978),Thriller
"Client, The (1994)",Thriller
"I, the Jury (1982)",Thriller
Some Folks Call It a Sling Blade (1993),Thriller
Changing Lanes (2002),Thriller
Upstream Color (2013),Thriller
Ringu 0: Bâsudei (2000),Thriller
Twisted (2004),Thriller
Marathon Man (1976),Thriller
Time After Time (1979),Thriller
Premium Rush (2012),Thriller
Colombiana (2011),Thriller
Undercurrent (1946),Thriller
Final Destination 3 (2006),Thriller
Julia (2014),Thriller
Insurgent (2015),Thriller
K-19: The Widowmaker (2002),Thriller
"Punisher, The (2004)",Thriller
Angel Eyes (2001),Thriller
Exorcist: The Beginning (2004),Thriller
Léon: The Professional (a.k.a. The Professional) (Léon) (1994),Thriller
Inland Empire (2006),Thriller
Misery (1990),Thriller
Bully (2001),Thriller
"Mothman Prophecies, The (2002)",Thriller
"Terminator, The (1984)",Thriller
Legion (2010),Thriller
Kindergarten Cop (1990),Thriller
"Girl Who Played with Fire, The (Flickan som lekte med elden) (2009)",Thriller
"Descent, The (2005)",Thriller
"Perfect Crime, The (Crimen Ferpecto) (Ferpect Crime) (2004)",Thriller
Strangeland (1998),Thriller
Hannibal (2001),Thriller
Ghosts of Mars (2001),Thriller
Kiss the Girls (1997),Thriller
"Pelican Brief, The (1993)",Thriller
Hazard (2005),Thriller
"Business of Strangers, The (2001)",Thriller
"Haunting, The (1963)",Thriller
Osmosis Jones (2001),Thriller
Ransom (1996),Thriller
Ravenous (1999),Thriller
Point of No Return (1993),Thriller
Requiem (2006),Thriller
City of God (Cidade de Deus) (2002),Thriller
D.O.A. (1988),Thriller
"Missing, The (2003)",Thriller
Battleship (2012),Thriller
"Bourne Legacy, The (2012)",Thriller
Tenebre (1982),Thriller
Marnie (1964),Thriller
Ballistic: Ecks vs. Sever (2002),Thriller
Chaos (2005),Thriller
Sin Nombre (2009),Thriller
Twelve Monkeys (a.k.a. 12 Monkeys) (1995),Thriller
The 5th Wave (2016),Thriller
"Boondock Saints II: All Saints Day, The (2009)",Thriller
Firestarter (1984),Thriller
"Liability, The (2012)",Thriller
Spiral (2007),Thriller
"Brave One, The (2007)",Thriller
Creep (2014),Thriller
Captain Phillips (2013),Thriller
Predator (1987),Thriller
Insomnia (1997),Thriller
Supernova (2000),Thriller
Bad Karma (2012),Thriller
Niagara (1953),Thriller
Lady Vengeance (Sympathy for Lady Vengeance) (Chinjeolhan geumjassi) (2005),Thriller
Ninja (2009),Thriller
Machete Kills (Machete 2) (2013),Thriller
The Perfect Guy (2015),Thriller
Rubber (2010),Thriller
Kill Bill: Vol. 1 (2003),Thriller
"Rock, The (1996)",Thriller
Punisher: War Zone (2008),Thriller
Maximum Risk (1996),Thriller
"Tailor of Panama, The (2001)",Thriller
Metro (1997),Thriller
Halloween: The Curse of Michael Myers (Halloween 6: The Curse of Michael Myers) (1995),Thriller
"Marine, The (2006)",Thriller
"Road Warrior, The (Mad Max 2) (1981)",Thriller
"Gunman, The (2015)",Thriller
JFK (1991),Thriller
Rawhead Rex (1986),Thriller
Non-Stop (2014),Thriller
A Most Wanted Man (2014),Thriller
"Secret in Their Eyes, The (El secreto de sus ojos) (2009)",Thriller
"Babysitter, The (1995)",Thriller
True Romance (1993),Thriller
Enough (2002),Thriller
"Lookout, The (2007)",Thriller
Dragon Ball Z the Movie: The World's Strongest (a.k.a. Dragon Ball Z: The Strongest Guy in The World) (Doragon bôru Z: Kono yo de ichiban tsuyoi yatsu) (1990),Thriller
WarGames (1983),Thriller
Headhunters (Hodejegerne) (2011),Thriller
10 Cloverfield Lane (2016),Thriller
"Ear, The (Ucho) (1970)",Thriller
Wild at Heart (1990),Thriller
Reindeer Games (2000),Thriller
"Salton Sea, The (2002)",Thriller
The Circle (2016),Thriller
Dead Again (1991),Thriller
"Human Stain, The (2003)",Thriller
"Truth About Charlie, The (2002)",Thriller
Cube (1997),Thriller
"Fan, The (1996)",Thriller
Arsenic and Old Lace (1944),Thriller
Domestic Disturbance (2001),Thriller
Zero Effect (1998),Thriller
"Thing, The (2011)",Thriller
"Call, The (2013)",Thriller
Rise of the Planet of the Apes (2011),Thriller
Ginger Snaps (2000),Thriller
"Das Experiment (Experiment, The) (2001)",Thriller
Some Guy Who Kills People (2011),Thriller
eXistenZ (1999),Thriller
Shadow Conspiracy (1997),Thriller
Mean Creek (2004),Thriller
"Number 23, The (2007)",Thriller
Traitor (2008),Thriller
Poker Night (2014),Thriller
Tideland (2005),Thriller
Return to Paradise (1998),Thriller
Kill Bill: Vol. 2 (2004),Thriller
Martha Marcy May Marlene (2011),Thriller
"Professional, The (Le professionnel) (1981)",Thriller
"City of Lost Souls, The (Hyôryuu-gai) (2000)",Thriller
Goodbye Lover (1999),Thriller
"Perfect Storm, The (2000)",Thriller
Dirty Harry (1971),Thriller
Dracula (Bram Stoker's Dracula) (1992),Thriller
Drive Angry (2011),Thriller
Watchmen (2009),Thriller
"Net, The (1995)",Thriller
Another 48 Hrs. (1990),Thriller
"Negotiator, The (1998)",Thriller
Everest (2015),Thriller
My Bloody Valentine (1981),Thriller
"Nightmare on Elm Street, A (2010)",Thriller
"Craft, The (1996)",Thriller
Miami Vice (2006),Thriller
RoboCop (1987),Thriller
Thinner (1996),Thriller
Snakes on a Plane (2006),Thriller
Haunter (2013),Thriller
Wind River (2017),Thriller
Righteous Kill (2008),Thriller
Spider-Man (2002),Thriller
Underworld: Rise of the Lycans (2009),Thriller
Miller's Crossing (1990),Thriller
End of Watch (2012),Thriller
King Kong (1976),Thriller
Blade Runner (1982),Thriller
Man's Best Friend (1993),Thriller
"Way of the Gun, The (2000)",Thriller
The Scorpion King (2002),Thriller
Survive Style 5+ (2004),Thriller
Salt (2010),Thriller
Frozen (2010),Thriller
"Watcher in the Woods, The (1980)",Thriller
Along Came a Spider (2001),Thriller
Amateur (1994),Thriller
"Double, The (2013)",Thriller
21 (2008),Thriller
"Life Less Ordinary, A (1997)",Thriller
Ffolkes (1979),Thriller
Stigmata (1999),Thriller
"Man Apart, A (2003)",Thriller
Ringu (Ring) (1998),Thriller
"Guardian, The (1990)",Thriller
The Dressmaker (2015),Thriller
Battle Royale 2: Requiem (Batoru rowaiaru II: Chinkonka) (2003),Thriller
Wild Things (1998),Thriller
Scream 2 (1997),Thriller
Dead End (2003),Thriller
Psycho (1998),Thriller
Sherlock Holmes and the Secret Weapon (1942),Thriller
Confidential Report (1955),Thriller
Panic Room (2002),Thriller
Dante's Peak (1997),Thriller
Abraham Lincoln: Vampire Hunter (2012),Thriller
"Spirit, The (2008)",Thriller
"Limey, The (1999)",Thriller
Sherlock Holmes: A Game of Shadows (2011),Thriller
AVP: Alien vs. Predator (2004),Thriller
X-Men: The Last Stand (2006),Thriller
Byzantium (2012),Thriller
"Captive, The (2014)",Thriller
Anaconda: The Offspring (2008),Thriller
Surviving the Game (1994),Thriller
Zero Dark Thirty (2012),Thriller
The Trust (2016),Thriller
Stealth (2005),Thriller
Point Break (1991),Thriller
"River Wild, The (1994)",Thriller
3000 Miles to Graceland (2001),Thriller
Annihilation (2018),Thriller
"Lady Vanishes, The (1938)",Thriller
"Time to Kill, A (1996)",Thriller
Thesis (Tesis) (1996),Thriller
Out Cold (1989),Thriller
Starsky & Hutch (2004),Thriller
"Blood In, Blood Out (1993)",Thriller
Body of Evidence (1993),Thriller
Jin Roh: The Wolf Brigade (Jin-Rô) (1998),Thriller
"Purge: Anarchy, The (2014)",Thriller
"Amityville Horror, The (2005)",Thriller
"Witches of Eastwick, The (1987)",Thriller
Unfaithful (2002),Thriller
"Specialist, The (1994)",Thriller
"Accidental Spy, The (Dak miu mai shing) (2001)",Thriller
Delta Force 2 (Delta Force 2: The Colombian Connection) (1990),Thriller
"Godzilla 1985: The Legend Is Reborn (Gojira) (Godzilla) (Return of Godzilla, The) (1984)",Thriller
Creep (2004),Thriller
"Lawnmower Man, The (1992)",Thriller
"Public Eye, The (1992)",Thriller
Defiance (2008),Thriller
Rogue (2007),Thriller
"Frighteners, The (1996)",Thriller
Diabolique (Les diaboliques) (1955),Thriller
Enemy (2013),Thriller
All About Lily Chou-Chou (Riri Shushu no subete) (2001),Thriller
Michael Clayton (2007),Thriller
American Psycho (2000),Thriller
Remo Williams: The Adventure Begins (1985),Thriller
"People Under the Stairs, The (1991)",Thriller
"Better Tomorrow, A (Ying hung boon sik) (1986)",Thriller
Swimming Pool (2003),Thriller
"Da Vinci Code, The (2006)",Thriller
Northwest Passage (1940),Thriller
Red State (2011),Thriller
Manhunter (1986),Thriller
Timecop (1994),Thriller
Stay (2005),Thriller
Face/Off (1997),Thriller
Atomic Blonde (2017),Thriller
"Stepford Wives, The (1975)",Thriller
Run (1991),Thriller
"Crimson Rivers 2: Angels of the Apocalypse (Rivières pourpres II - Les anges de l'apocalypse, Les) (2004)",Thriller
Insidious (2010),Thriller
B. Monkey (1998),Thriller
Blown Away (1994),Thriller
"Wages of Fear, The (Salaire de la peur, Le) (1953)",Thriller
Saw V (2008),Thriller
Body Double (1984),Thriller
"Losers, The (2010)",Thriller
Captain America: Civil War (2016),Thriller
"Birds, The (1963)",Thriller
Paranormal Activity (2009),Thriller
I'm Not Scared (Io non ho paura) (2003),Thriller
Prince of Darkness (1987),Thriller
Book of Shadows: Blair Witch 2 (2000),Thriller
Straw Dogs (1971),Thriller
Bunny Lake Is Missing (1965),Thriller
"Moustache, La (2005)",Thriller
Jackie Brown (1997),Thriller
Cold Creek Manor (2003),Thriller
Gothika (2003),Thriller
London Has Fallen (2016),Thriller
Intact (Intacto) (2001),Thriller
"Equalizer, The (2014)",Thriller
"Happening, The (2008)",Thriller
My Bloody Valentine 3-D (2009),Thriller
Death Wish (2018),Thriller
Original Sin (2001),Thriller
Coffy (1973),Thriller
[REC] (2007),Thriller
Double Jeopardy (1999),Thriller
Seeking Justice (2011),Thriller
Runaway Train (1985),Thriller
Bloodsport III (1996),Thriller
Joint Security Area (Gongdong gyeongbi guyeok JSA) (2000),Thriller
Spider-Man 3 (2007),Thriller
"Invasion, The (2007)",Thriller
I Stand Alone (Seul contre tous) (1998),Thriller
Reservoir Dogs (1992),Thriller
"With a Friend Like Harry... (Harry, un ami qui vous veut du bien) (2000)",Thriller
"Strangers, The (2008)",Thriller
I Know Who Killed Me (2007),Thriller
Dead Silence (2007),Thriller
Coherence (2013),Thriller
Valkyrie (2008),Thriller
"Crow, The (1994)",Thriller
"Saint, The (1997)",Thriller
Mystère à la Tour Eiffel (2015),Thriller
I Am Wrath (2016),Thriller
Psycho III (1986),Thriller
Infernal Affairs 2 (Mou gaan dou II) (2003),Thriller
"Little Girl Who Lives Down the Lane, The (1976)",Thriller
Beverly Hills Cop II (1987),Thriller
Freezer (2014),Thriller
Echelon Conspiracy (2009),Thriller
Sliver (1993),Thriller
"French Connection, The (1971)",Thriller
Gorky Park (1983),Thriller
Hellbenders (2012),Thriller
Sinister (2012),Thriller
State of Grace (1990),Thriller
"China Syndrome, The (1979)",Thriller
Into the Grizzly Maze (2015),Thriller
"Last House on the Left, The (1972)",Thriller
Phone Booth (2002),Thriller
Premonition (2007),Thriller
Snatch (2000),Thriller
Homefront (2013),Thriller
Devil in a Blue Dress (1995),Thriller
Salvation Boulevard (2011),Thriller
Wait Until Dark (1967),Thriller
Rosemary's Baby (1968),Thriller
Before the Devil Knows You're Dead (2007),Thriller
Mesrine: Killer Instinct (L'instinct de mort) (2008),Thriller
"Crimson Rivers, The (Rivières pourpres, Les) (2000)",Thriller
Hitman: Agent 47 (2015),Thriller
"10th Victim, The (La decima vittima) (1965)",Thriller
Total Recall (2012),Thriller
"Manhattan Project, The (1986)",Thriller
SuperFly (2018),Thriller
Con Air (1997),Thriller
Frailty (2001),Thriller
"Gingerbread Man, The (1998)",Thriller
Extreme Ops (2002),Thriller
Stakeout (1987),Thriller
Escape from Alcatraz (1979),Thriller
Godsend (2004),Thriller
Jack Reacher: Never Go Back (2016),Thriller
"Stranger, The (1946)",Thriller
"Spy Who Loved Me, The (1977)",Thriller
Stone (2010),Thriller
Blade II (2002),Thriller
Open Your Eyes (Abre los ojos) (1997),Thriller
Deep Impact (1998),Thriller
When a Stranger Calls (2006),Thriller
Bloodmoon (1997),Thriller
Bleeder (1999),Thriller
"Town, The (2010)",Thriller
28 Weeks Later (2007),Thriller
Blood Work (2002),Thriller
Vertigo (1958),Thriller
Dunkirk (2017),Thriller
"Day the Earth Stood Still, The (2008)",Thriller
Pusher (1996),Thriller
Hangar 18 (1980),Thriller
"Tinker, Tailor, Soldier, Spy (1979)",Thriller
Garm Wars: The Last Druid (2014),Thriller
Limitless (2011),Thriller
Femme Fatale (2002),Thriller
Eve of Destruction (1991),Thriller
Cujo (1983),Thriller
Impostor (2002),Thriller
Palmetto (1998),Thriller
"Believers, The (1987)",Thriller
"Messengers, The (2007)",Thriller
X2: X-Men United (2003),Thriller
Kiss Kiss Bang Bang (2005),Thriller
U.S. Marshals (1998),Thriller
"Simple Plan, A (1998)",Thriller
Seven Sisters (2017),Thriller
"Mummy Returns, The (2001)",Thriller
'71 (2014),Thriller
Fire Down Below (1997),Thriller
Seconds (1966),Thriller
Alien Nation (1988),Thriller
Die Another Day (2002),Thriller
Eye for an Eye (1996),Thriller
Maze Runner: Scorch Trials (2015),Thriller
Tomorrow Never Dies (1997),Thriller
A Man Called Blade (1977),Thriller
Mission: Impossible - Ghost Protocol (2011),Thriller
House of Games (1987),Thriller
Clockstoppers (2002),Thriller
Police Story (Ging chaat goo si) (1985),Thriller
Inside (À l'intérieur) (2007),Thriller
Blood: The Last Vampire (2009),Thriller
Maniac Cop (1988),Thriller
JCVD (2008),Thriller
Sin City (2005),Thriller
"Fallen Idol, The (1948)",Thriller
Performance (1970),Thriller
Sea of Love (1989),Thriller
Syriana (2005),Thriller
Public Enemies (2009),Thriller
Speed 2: Cruise Control (1997),Thriller
"American Haunting, An (2005)",Thriller
Hackers (1995),Thriller
Riki-Oh: The Story of Ricky (Lik Wong) (1991),Thriller
Signs (2002),Thriller
Outbreak (1995),Thriller
Raiders of the Lost Ark: The Adaptation (1989),Thriller
The Green Prince (2014),Thriller
"Cat's Meow, The (2002)",Thriller
Mission: Impossible - Fallout (2018),Thriller
Antitrust (2001),Thriller
Harvard Man (2001),Thriller
The Shining (1997),Thriller
"Mighty Heart, A (2007)",Thriller
Winter's Bone (2010),Thriller
"Chase, The (1994)",Thriller
"Seventh Sign, The (1988)",Thriller
"Crow, The: Wicked Prayer (2005)",Thriller
Duplicity (2009),Thriller
"I, Robot (2004)",Thriller
Primal Fear (1996),Thriller
White House Down (2013),Thriller
Confessions of a Dangerous Mind (2002),Thriller
Cursed (2005),Thriller
Shaft (1971),Thriller
Digging Up the Marrow (2014),Thriller
Captain America: The First Avenger (2011),Thriller
"Last Exorcism, The (2010)",Thriller
Stray Dog (Nora inu) (1949),Thriller
Breach (2007),Thriller
Bad Education (La mala educación) (2004),Thriller
Killshot (2008),Thriller
"Warriors, The (1979)",Thriller
"Cercle Rouge, Le (Red Circle, The) (1970)",Thriller
"Eye, The (Gin gwai) (Jian gui) (2002)",Thriller
"Roaring Twenties, The (1939)",Thriller
Blind Fury (1989),Thriller
Unedited Footage of a Bear (2014),Thriller
2012 (2009),Thriller
Red Corner (1997),Thriller
GoldenEye (1995),Thriller
American Made (2017),Thriller
Phantom of the Paradise (1974),Thriller
Swelter (2014),Thriller
The Stanford Prison Experiment (2015),Thriller
To Die For (1995),Thriller
Kiss of Death (1995),Thriller
Key Largo (1948),Thriller
Dying of the Light (2014),Thriller
Southland Tales (2006),Thriller
Gaslight (1944),Thriller
187 (One Eight Seven) (1997),Thriller
Safe (2012),Thriller
Max Payne (2008),Thriller
"Fugitive, The (1993)",Thriller
Crash (1996),Thriller
Land of the Dead (2005),Thriller
"Omega Man, The (1971)",Thriller
"Wicker Man, The (2006)",Thriller
Passion (2012),Thriller
White Dog (1982),Thriller
Secret Window (2004),Thriller
Darkness Falls (2003),Thriller
Birdemic: Shock and Terror (2010),Thriller
Sherlock Holmes: Terror by Night (1946),Thriller
L.A. Confidential (1997),Thriller
Casino Royale (2006),Thriller
Sleuth (2007),Thriller
2048: Nowhere to Run (2017),Thriller
Hard Target (1993),Thriller
"Covenant, The (2006)",Thriller
Blink (1994),Thriller
Badlands (1973),Thriller
Black Mirror: White Christmas (2014),Thriller
Perfect Blue (1997),Thriller
Scream 3 (2000),Thriller
"Relic, The (1997)",Thriller
"Innocents, The (1961)",Thriller
Tell No One (Ne le dis à personne) (2006),Thriller
Anaconda (1997),Thriller
Dressed to Kill (1980),Thriller
"Russia House, The (1990)",Thriller
Tiger Raid (2016),Thriller
Frankenstein (2015),Thriller
"Conjuring, The (2013)",Thriller
Snake Eyes (1998),Thriller
"Invisible, The (2007)",Thriller
Beverly Hills Cop III (1994),Thriller
Futureworld (1976),Thriller
Body Heat (1981),Thriller
Elevator to the Gallows (a.k.a. Frantic) (Ascenseur pour l'échafaud) (1958),Thriller
Open Water 2: Adrift (2006),Thriller
Suspicion (1941),Thriller
"Patriot, The (1998)",Thriller
Willard (2003),Thriller
Eraser (1996),Thriller
Red Rock West (1992),Thriller
"Big Bounce, The (2004)",Thriller
Awake (2007),Thriller
Gangster No. 1 (2000),Thriller
Cop Car (2015),Thriller
Frantic (1988),Thriller
"Counselor, The (2013)",Thriller
"Deaths of Ian Stone, The (2007)",Thriller
Zodiac (2007),Thriller
Magnum Force (1973),Thriller
Bad Day at Black Rock (1955),Thriller
"As Above, So Below (2014)",Thriller
Painted Skin (2008),Thriller
Runner Runner (2013),Thriller
Twister (1996),Thriller
Green Zone (2010),Thriller
Day of the Dead (1985),Thriller
Cape Fear (1962),Thriller
Assassination (1987),Thriller
Iron Man 2 (2010),Thriller
"Collector, The (1965)",Thriller
"Protector, The (1985)",Thriller
"Pan's Labyrinth (Laberinto del fauno, El) (2006)",Thriller
Oxygen (1999),Thriller
North by Northwest (1959),Thriller
Brake (2012),Thriller
Suicide Kings (1997),Thriller
Savages (2012),Thriller
Split (2017),Thriller
Cold in July (2014),Thriller
Out of Sight (1998),Thriller
Desperate Measures (1998),Thriller
"Third Man, The (1949)",Thriller
"Lives of Others, The (Das leben der Anderen) (2006)",Thriller
Drop Zone (1994),Thriller
Tango & Cash (1989),Thriller
"Thomas Crown Affair, The (1968)",Thriller
"Forgotten, The (2004)",Thriller
Escape from L.A. (1996),Thriller
Thirteen Days (2000),Thriller
Self/less (2015),Thriller
Sweeney Todd: The Demon Barber of Fleet Street (2007),Thriller
Brother (2000),Thriller
Maggie (2015),Thriller
"Cabin in the Woods, The (2012)",Thriller
xXx (2002),Thriller
"Mosquito Coast, The (1986)",Thriller
Don't Say a Word (2001),Thriller
"Roman J. Israel, Esq. (2017)",Thriller
"Spanish Prisoner, The (1997)",Thriller
Raising Cain (1992),Thriller
"Last Wave, The (1977)",Thriller
Juice (1992),Thriller
Tremors 4: The Legend Begins (2004),Thriller
Pathology (2008),Thriller
RoboCop 3 (1993),Thriller
Cape Fear (1991),Thriller
Body Parts (1991),Thriller
"Man Who Knew Too Much, The (1934)",Thriller
Assassination Tango (2002),Thriller
Carrie (1976),Thriller
Resident Evil (2002),Thriller
Black Book (Zwartboek) (2006),Thriller
Chinatown (1974),Thriller
Cassandra's Dream (2007),Thriller
Prime Suspect 2 (1992),Thriller
"Glass House, The (2001)",Thriller
Wild Tales (2014),Thriller
Puppet Master (1989),Thriller
So I Married an Axe Murderer (1993),Thriller
"Last Boy Scout, The (1991)",Thriller
Cage Dive (2017),Thriller
"Talk of the Town, The (1942)",Thriller
Rope (1948),Thriller
Bloodsport: The Dark Kumite (1999),Thriller
White Sands (1992),Thriller
Eagle Eye (2008),Thriller
Chopper (2000),Thriller
"10,000 BC (2008)",Thriller
"Pact, The (2012)",Thriller
Thief (1981),Thriller
Cloverfield (2008),Thriller
"Perfect Getaway, A (2009)",Thriller
Snipes (2001),Thriller
"Manchurian Candidate, The (2004)",Thriller
Communion (1989),Thriller
Crank (2006),Thriller
For a Few Dollars More (Per qualche dollaro in più) (1965),Thriller
Rififi (Du rififi chez les hommes) (1955),Thriller
"Changeling, The (1980)",Thriller
The Raid 2: Berandal (2014),Thriller
Fear X (2003),Thriller
Paradise Now (2005),Thriller
Invasion of the Body Snatchers (1956),Thriller
From Dusk Till Dawn (1996),Thriller
Color of Night (1994),Thriller
Law Abiding Citizen (2009),Thriller
"Ledge, The (2011)",Thriller
"Bodyguard, The (1992)",Thriller
Apollo 18 (2011),Thriller
"Girl with the Dragon Tattoo, The (2011)",Thriller
I Saw What You Did (1965),Thriller
Blow Out (1981),Thriller
"Killer, The (Die xue shuang xiong) (1989)",Thriller
Hard-Boiled (Lat sau san taam) (1992),Thriller
Citizen X (1995),Thriller
King Solomon's Mines (1937),Thriller
Moonraker (1979),Thriller
"Contender, The (2000)",Thriller
Wasabi (2001),Thriller
Runaway (1984),Thriller
13 Sins (2014),Thriller
In Bruges (2008),Thriller
"Cell, The (2000)",Thriller
We Are What We Are (2013),Thriller
Knowing (2009),Thriller
Pacific Heights (1990),Thriller
"Next Three Days, The (2010)",Thriller
"Cable Guy, The (1996)",Thriller
Blair Witch (2016),Thriller
Pusher III: I'm the Angel of Death (2005),Thriller
Feast (2005),Thriller
Spotlight (2015),Thriller
Fracture (2007),Thriller
Silent Hill (2006),Thriller
"Sound of Thunder, A (2005)",Thriller
Skyline (2010),Thriller
"Taking of Pelham 1 2 3, The (2009)",Thriller
Cirque du Freak: The Vampire's Assistant (2009),Thriller
Cold Fish (Tsumetai nettaigyo) (2010),Thriller
"Spy Who Came in from the Cold, The (1965)",Thriller
"Roommate, The (2011)",Thriller
"Last Stand, The (2013)",Thriller
Stranger in the House (1997),Thriller
Stir of Echoes (1999),Thriller
"Crazies, The (a.k.a. Code Name: Trixie) (1973)",Thriller
Narc (2002),Thriller
Children of the Corn (1984),Thriller
The Deadly Bees (1967),Thriller
Equilibrium (2002),Thriller
Predestination (2014),Thriller
"Ugly, The (1997)",Thriller
"Crow: City of Angels, The (1996)",Thriller
Who Am I? (Wo shi shei) (1998),Thriller
A Quiet Place (2018),Thriller
Absolute Power (1997),Thriller
He Loves Me... He Loves Me Not (À la folie... pas du tout) (2002),Thriller
Lord of the Flies (1990),Thriller
Maniac Cop 2 (1990),Thriller
Sisters (1973),Thriller
Train to Busan (2016),Thriller
Ninja: Shadow of a Tear (2013),Thriller
Bug (2007),Thriller
[REC]² (2009),Thriller
The Voices (2014),Thriller
Cat People (1942),Thriller
Death Proof (2007),Thriller
I Am Legend (2007),Thriller
Shotgun Stories (2007),Thriller
Lakeview Terrace (2008),Thriller
House of Wax (1953),Thriller
Sabotage (1936),Thriller
Final Destination (2000),Thriller
Heartless (2009),Thriller
Don't Breathe (2016),Thriller
Play Misty for Me (1971),Thriller
The Butterfly Effect (2004),Thriller
Pulse (2006),Thriller
It Comes at Night (2017),Thriller
"Field in England, A (2013)",Thriller
Another Stakeout (1993),Thriller
Fear (1996),Thriller
Cloak & Dagger (1984),Thriller
Instinct (1999),Thriller
Unknown (2011),Thriller
Action Jackson (1988),Thriller
Snitch (2013),Thriller
Just Cause (1995),Thriller
Pulse (Kairo) (2001),Thriller
Eyes Wide Shut (1999),Thriller
Killer Joe (2011),Thriller
"Tale of Two Sisters, A (Janghwa, Hongryeon) (2003)",Thriller
Deadfall (2012),Thriller
American Fable (2017),Thriller
Coma (1978),Thriller
Mute Witness (1994),Thriller
White Noise (2005),Thriller
"Reaping, The (2007)",Thriller
High Anxiety (1977),Thriller
Killing Me Softly (2002),Thriller
"Debt, The (2011)",Thriller
Dead or Alive 2: Tôbôsha (2000),Thriller
Star Trek: Nemesis (2002),Thriller
Batman: Assault on Arkham (2014),Thriller
Patlabor: The Movie (Kidô keisatsu patorebâ: The Movie) (1989),Thriller
Gattaca (1997),Thriller
They Live (1988),Thriller
"Midnight Meat Train, The (2008)",Thriller
Saturn 3 (1980),Thriller
Across the Hall (2009),Thriller
Missing (1982),Thriller
30 Days of Night (2007),Thriller
V for Vendetta (2006),Thriller
Act of Valor (2012),Thriller
Assassins (1995),Thriller
"Omen, The (1976)",Thriller
Margin Call (2011),Thriller
Inception (2010),Thriller
Millennium (1989),Thriller
"2 Fast 2 Furious (Fast and the Furious 2, The) (2003)",Thriller
Snowden (2016),Thriller
Unstoppable (2010),Thriller
"Man Who Knew Too Much, The (1956)",Thriller
In the Mouth of Madness (1995),Thriller
"Wolfman, The (2010)",Thriller
"Dead Zone, The (1983)",Thriller
Iron Man 3 (2013),Thriller
Murder by Death (1976),Thriller
Supercop (Police Story 3: Supercop) (Jing cha gu shi III: Chao ji jing cha) (1992),Thriller
"Incredible Shrinking Man, The (1957)",Thriller
Wonderland (2003),Thriller
Donnie Darko (2001),Thriller
"Lovely Bones, The (2009)",Thriller
The Nice Guys (2016),Thriller
Hostel: Part II (2007),Thriller
What Happened Was... (1994),Thriller
Maze Runner: The Death Cure (2018),Thriller
"Bourne Supremacy, The (2004)",Thriller
Dial M for Murder (1954),Thriller
Masterminds (1997),Thriller
"Skeleton Key, The (2005)",Thriller
Under Siege (1992),Thriller
No Mercy (1986),Thriller
I Know What You Did Last Summer (1997),Thriller
Cleanskin (2012),Thriller
Killer Movie (2008),Thriller
Ginger Snaps: Unleashed (2004),Thriller
Memoirs of an Invisible Man (1992),Thriller
"Cat o' Nine Tails, The (Gatto a nove code, Il) (1971)",Thriller
"Atomic Submarine, The (1959)",Thriller
Ready Player One,Thriller
Sphere (1998),Thriller
In the Cut (2003),Thriller
Ghost in the Shell 2: Innocence (a.k.a. Innocence) (Inosensu) (2004),Thriller
Moon (2009),Thriller
F/X2 (a.k.a. F/X 2 - The Deadly Art of Illusion) (1991),Thriller
Suicide Club (Jisatsu saakuru) (2001),Thriller
"Trigger Effect, The (1996)",Thriller
Total Recall (1990),Thriller
Orca: The Killer Whale (1977),Thriller
Sleeping with the Enemy (1991),Thriller
"Road, The (2009)",Thriller
Anything for Her (Pour elle) (2008),Thriller
Hogfather (Terry Pratchett's Hogfather) (2006),Thriller
Volcano (1997),Thriller
Apt Pupil (1998),Thriller
"Burrowers, The (2008)",Thriller
Basic (2003),Thriller
Conspiracy Theory (1997),Thriller
"Wrong Man, The (1956)",Thriller
"Fly, The (1986)",Thriller
Dark Water (2005),Thriller
City Hall (1996),Thriller
"Crush, The (1993)",Thriller
Mirrors (2008),Thriller
Foreign Correspondent (1940),Thriller
Blackrock (1997),Thriller
Lockout (2012),Thriller
Between Your Legs (Entre las piernas) (1999),Thriller
Catch .44 (2011),Thriller
Raise the Titanic (1980),Thriller
"Signal, The (2007)",Thriller
Altered (2006),Thriller
Fail-Safe (1964),Thriller
High Tension (Haute tension) (Switchblade Romance) (2003),Thriller
Dragonfly (2002),Thriller
"Hand That Rocks the Cradle, The (1992)",Thriller
Albino Alligator (1996),Thriller
Mindhunters (2004),Thriller
Head Above Water (1996),Thriller
Circus (2000),Thriller
Apocalypto (2006),Thriller
Charade (1963),Thriller
Teaching Mrs. Tingle (1999),Thriller
"Stepfather, The (1987)",Thriller
Someone to Watch Over Me (1987),Thriller
"International, The (2009)",Thriller
V/H/S/2 (2013),Thriller
"Air I Breathe, The (2007)",Thriller
"Eye for an Eye, An (1981)",Thriller
Harry Potter and the Goblet of Fire (2005),Thriller
Transporter 3 (2008),Thriller
Cry_Wolf (a.k.a. Cry Wolf) (2005),Thriller
"American Werewolf in Paris, An (1997)",Thriller
Open Water (2003),Thriller
American Gangster (2007),Thriller
"Bone Man, The (Der Knochenmann) (2009)",Thriller
Bless the Child (2000),Thriller
Blood and Wine (Blood & Wine) (1996),Thriller
"Blair Witch Project, The (1999)",Thriller
"Dangerous Method, A (2011)",Thriller
Stay Alive (2006),Thriller
Hide and Seek (2005),Thriller
"Babadook, The (2014)",Thriller
Disconnect (2012),Thriller
Poison Ivy: New Seduction (1997),Thriller
Never Die Alone (2004),Thriller
Maniac (2012),Thriller
The Spiral Staircase (1945),Thriller
Jagged Edge (1985),Thriller
Solace (2015),Thriller
Man of the Year (2006),Thriller
Lake Placid (1999),Thriller
"Tetsuo, the Ironman (Tetsuo) (1988)",Thriller
Once Upon a Time in Mexico (2003),Thriller
Cherish (2002),Thriller
'Salem's Lot (2004),Thriller
King Kong (2005),Thriller
The Butterfly Effect 3: Revelations (2009),Thriller
Body of Lies (2008),Thriller
Stoker (2013),Thriller
Lions For Lambs (2007),Thriller
Memories of Murder (Salinui chueok) (2003),Thriller
Eye of the Beholder (1999),Thriller
Blue Ruin (2013),Thriller
Life Eternal (2015),Thriller
Angel Heart (1987),Thriller
Collateral Damage (2002),Thriller
Scorpio (1973),Thriller
Presumed Innocent (1990),Thriller
Hush (1998),Thriller
Tinker Tailor Soldier Spy (2011),Thriller
End of Days (1999),Thriller
Thirteen Ghosts (a.k.a. Thir13en Ghosts) (2001),Thriller
"General's Daughter, The (1999)",Thriller
You Only Live Twice (1967),Thriller
Deathtrap (1982),Thriller
American Ultra (2015),Thriller
Peeping Tom (1960),Thriller
"Breed, The (2006)",Thriller
Leaves of Grass (2009),Thriller
"Final Cut, The (2004)",Thriller
True Lies (1994),Thriller
It (1990),Thriller
Gamer (2009),Thriller
Headshot (2011),Thriller
Insidious: Chapter 2 (2013),Thriller
Audition (Ôdishon) (1999),Thriller
The Town that Dreaded Sundown (2014),Thriller
Alpha (2018),Thriller
"Good Day to Die Hard, A (2013)",Thriller
Sky High (2003),Thriller
Confessions of a Dangerous Mind (2002),Thriller
Kalifornia (1993),Thriller
"Corbeau, Le (Raven, The) (1943)",Thriller
Session 9 (2001),Thriller
10th & Wolf (2006),Thriller
Alien: Covenant (2017),Thriller
"Haunting, The (1999)",Thriller
Poison Ivy (1992),Thriller
Death Sentence (2007),Thriller
Mr. Brooks (2007),Thriller
Out of Time (2003),Thriller
"Rum Diary, The (2011)",Thriller
Prime Suspect 6: The Last Witness (2003),Thriller
Dark City (1998),Thriller
Left Behind: The Movie (2000),Thriller
"Lost Boys, The (1987)",Thriller
Murder at 1600 (1997),Thriller
"In Crowd, The (2000)",Thriller
"Alphaville (Alphaville, une étrange aventure de Lemmy Caution) (1965)",Thriller
Funny Games (1997),Thriller
"Wicker Man, The (1973)",Thriller
You're Next (2011),Thriller
Felicia's Journey (1999),Thriller
"Man Who Knew Too Little, The (1997)",Thriller
Devil (2010),Thriller
"Assassination of Richard Nixon, The (2004)",Thriller
"Element of Crime, The (Forbrydelsens Element) (1984)",Thriller
Rambo III (1988),Thriller
"Mechanic, The (2011)",Thriller
Shooter (2007),Thriller
Saw III (2006),Thriller
Blade (1998),Thriller
Resolution (2012),Thriller
Layer Cake (2004),Thriller
"Brass Teapot, The (2012)",Thriller
Inhale (2010),Thriller
Henry: Portrait of a Serial Killer (1986),Thriller
"Bourne Identity, The (1988)",Thriller
Europa (Zentropa) (1991),Thriller
"Testament of Dr. Mabuse, The (Das Testament des Dr. Mabuse) (1933)",Thriller
Cigarette Burns (2005),Thriller
Bring Me the Head of Alfredo Garcia (1974),Thriller
Hatchet II (2010),Thriller
"Postman Always Rings Twice, The (1946)",Thriller
Sweeney Todd (2006),Thriller
Puppet Master 4 (1993),Thriller
Strange Days (1995),Thriller
Dead Man's Shoes (2004),Thriller
Fargo (1996),Thriller
"Mummy, The (1999)",Thriller
John Wick (2014),Thriller
Flightplan (2005),Thriller
National Treasure (2004),Thriller
"Informant!, The (2009)",Thriller
"Assignment, The (1997)",Thriller
[REC]³ 3 Génesis (2012),Thriller
Nancy Drew (2007),Thriller
Lady in White (a.k.a. The Mystery of the Lady in White) (1988),Thriller
Twilight (1998),Thriller
By the Gun (2014),Thriller
Legend (2015),Thriller
Saw II (2005),Thriller
Last Man Standing (1996),Thriller
"Crazies, The (2010)",Thriller
Urban Legend (1998),Thriller
Mulholland Drive (2001),Thriller
Obsessed (2009),Thriller
"Clockwork Orange, A (1971)",Thriller
Sleepers (1996),Thriller
Godzilla (1998),Thriller
"Core, The (2003)",Thriller
Teenage Mutant Ninja Turtles: Turtles Forever (2009),Thriller
Inhuman Resources (Redd Inc.) (2012),Thriller
Transporter 2 (2005),Thriller
"Langoliers, The (1995)",Thriller
"Long Kiss Goodnight, The (1996)",Thriller
Broken Arrow (1996),Thriller
Untraceable (2008),Thriller
Taxi Driver (1976),Thriller
Village of the Damned (1960),Thriller
Dead Ringers (1988),Thriller
Priest (2011),Thriller
"Departed, The (2006)",Thriller
"Juror, The (1996)",Thriller
High Sierra (1941),Thriller
Live Free or Die Hard (2007),Thriller
Eden Lake (2008),Thriller
"Zone, The (La Zona) (2007)",Thriller
"Femme Nikita, La (Nikita) (1990)",Thriller
Get Carter (2000),Thriller
"Others, The (2001)",Thriller
Dark Tide (2012),Thriller
12 Rounds (2009),Thriller
Repo Men (2010),Thriller
Eastern Promises (2007),Thriller
Sucker Punch (2011),Thriller
Taken 3 (2015),Thriller
Alone in the Dark (2005),Thriller
Night Watch (Nochnoy dozor) (2004),Thriller
Mother (Madeo) (2009),Thriller
"Bourne Identity, The (2002)",Thriller
X-Men Origins: Wolverine (2009),Thriller
Abduction (2011),Thriller
"Brotherhood of the Wolf (Pacte des loups, Le) (2001)",Thriller
Ultraviolet (2006),Thriller
Takers (2010),Thriller
1408 (2007),Thriller
...And Justice for All (1979),Thriller
Paparazzi (2004),Thriller
"Uninvited, The (2009)",Thriller
"Abyss, The (1989)",Thriller
Obsession (1976),Thriller
Flatliners (1990),Thriller
"Diamond Arm, The (Brilliantovaya ruka) (1968)",Thriller
Slow West (2015),Thriller
Jeepers Creepers 2 (2003),Thriller
Shutter Island (2010),Thriller
"Thirteenth Floor, The (1999)",Thriller
Nerve (2016),Thriller
The Devil's Advocate (1997),Thriller
ARQ (2016),Thriller
"Mummy: Tomb of the Dragon Emperor, The (2008)",Thriller
When a Stranger Calls (1979),Thriller
Killing Zoe (1994),Thriller
Money Train (1995),Thriller
"Iceman, The (2012)",Thriller
Triangle (2009),Thriller
Shadow Dancer (2012),Thriller
"Hurt Locker, The (2008)",Thriller
Topkapi (1964),Thriller
Trilogy of Terror (1975),Thriller
G.I. Joe: The Rise of Cobra (2009),Thriller
In Hell (2003),Thriller
Batman & Robin (1997),Thriller
Mission: Impossible III (2006),Thriller
Best Seller (1987),Thriller
Shaft (2000),Thriller
"Quiet American, The (2002)",Thriller
Notorious (1946),Thriller
xXx: State of the Union (2005),Thriller
Felony (2013),Thriller
Gossip (2000),Thriller
"Girl with the Dragon Tattoo, The (Män som hatar kvinnor) (2009)",Thriller
Kill Me Three Times (2014),Thriller
State of Play (2009),Thriller
"X-Files: I Want to Believe, The (2008)",Thriller
Poison Ivy II (1996),Thriller
"Manchurian Candidate, The (1962)",Thriller
One False Move (1992),Thriller
"Lost World: Jurassic Park, The (1997)",Thriller
Zipper (2015),Thriller
Frenzy (1972),Thriller
"Living Daylights, The (1987)",Thriller
Hamlet (2000),Thriller
Collateral (2004),Thriller
What Ever Happened to Baby Jane? (1962),Thriller
Throne of Blood (Kumonosu jô) (1957),Thriller
"Hills Have Eyes, The (2006)",Thriller
Amores Perros (Love's a Bitch) (2000),Thriller
Edmond (2005),Thriller
"Fog, The (2005)",Thriller
Behind the Mask: The Rise of Leslie Vernon (2006),Thriller
Scanners (1981),Thriller
Cliffhanger (1993),Thriller
"Few Good Men, A (1992)",Thriller
Battlestar Galactica: Razor (2007),Thriller
Perfume: The Story of a Murderer (2006),Thriller
They (2002),Thriller
Witness (1985),Thriller
Severance (2006),Thriller
"History of Violence, A (2005)",Thriller
Identity (2003),Thriller
Hostage (2005),Thriller
Frequency (2000),Thriller
The Finest Hours (2016),Thriller
Children of the Damned (1963),Thriller
Exit Wounds (2001),Thriller
Die Hard: With a Vengeance (1995),Thriller
Fresh (1994),Thriller
Run All Night (2015),Thriller
F/X (1986),Thriller
Wicker Park (2004),Thriller
Derailed (2002),Thriller
Under the Skin (2013),Thriller
Traffic (2000),Thriller
Derailed (2005),Thriller
Fight Club (1999),Thriller
"Den, The (2013)",Thriller
Hands Off the Loot (Touchez pas au grisbi) (1954),Thriller
Minority Report (2002),Thriller
Hollow Man (2000),Thriller
Rules of Engagement (2000),Thriller
"Village, The (2004)",Thriller
Halloween II (2009),Thriller
Invasion of the Body Snatchers (1978),Thriller
Only God Forgives (2013),Thriller
Licence to Kill (1989),Thriller
To Catch a Thief (1955),Thriller
Live and Let Die (1973),Thriller
Taking Lives (2004),Thriller
"Fast and the Furious, The (2001)",Thriller
Seven (a.k.a. Se7en) (1995),Thriller
Constantine (2005),Thriller
"Ruins, The (2008)",Thriller
"Sorry, Wrong Number (1948)",Thriller
Cabin Fever (2002),Thriller
Jonah Hex (2010),Thriller
Day Watch (Dnevnoy dozor) (2006),Thriller
American Psycho II: All American Girl (2002),Thriller
Underworld (1996),Thriller
Lantana (2001),Thriller
To Have and Have Not (1944),Thriller
San Andreas (2015),Thriller
X-Men: First Class (2011),Thriller
Nick of Time (1995),Thriller
Subway (1985),Thriller
Armageddon (1998),Thriller
Hell Ride (2008),Thriller
Don't Look Now (1973),Thriller
"Stendhal Syndrome, The (Sindrome di Stendhal, La) (1996)",Thriller
Air Force One (1997),Thriller
"Last Seduction, The (1994)",Thriller
"Getaway, The (1994)",Thriller
"Rules of Attraction, The (2002)",Thriller
Mission: Impossible II (2000),Thriller
The Drop (2014),Thriller
Exam (2009),Thriller
Freeway (1996),Thriller
To Live and Die in L.A. (1985),Thriller
Investigation of a Citizen Above Suspicion (Indagine su un cittadino al di sopra di ogni sospetto) (1970),Thriller
Fallen (1998),Thriller
96 Minutes (2011) ,Thriller
Ichi the Killer (Koroshiya 1) (2001),Thriller
Enemy of the State (1998),Thriller
Confidence (2003),Thriller
Shark Night 3D (2011),Thriller
Enigma (2001),Thriller
"Eyewitness (Janitor, The) (1981)",Thriller
Partisan (2015),Thriller
"Hush... Hush, Sweet Charlotte (1964)",Thriller
Man Bites Dog (C'est arrivé près de chez vous) (1992),Thriller
Barton Fink (1991),Thriller
"Machine Girl, The (Kataude mashin gâru) (2008)",Thriller
Insomnia (2002),Thriller
All Good Things (2010),Thriller
"Scanner Darkly, A (2006)",Thriller
Pontypool (2008),Thriller
Rollercoaster (1977),Thriller
Fulltime Killer (Chuen jik sat sau) (2001),Thriller
"Order, The (2001)",Thriller
"39 Steps, The (1935)",Thriller
The Darkest Minds (2018),Thriller
Octopussy (1983),Thriller
The Thinning (2016),Thriller
The Machinist (2004),Thriller
"Fast Five (Fast and the Furious 5, The) (2011)",Thriller
Earthquake (1974),Thriller
Texas Chainsaw 3D (2013),Thriller
Killer Elite (2011),Thriller
Twilight Zone: The Movie (1983),Thriller
Resident Evil: Afterlife (2010),Thriller
Splice (2009),Thriller
Case 39 (2009),Thriller
Death Race 2 (2010),Thriller
From the Earth to the Moon (1998),Thriller
"Kingdom, The (2007)",Thriller
Ugetsu (Ugetsu monogatari) (1953),Thriller
127 Hours (2010),Thriller
Next (2007),Thriller
"Amityville Horror, The (1979)",Thriller
"Rookie, The (1990)",Thriller
The Great Hypnotist (2014),Thriller
The Gambler (2014),Thriller
Careful What You Wish For (2015),Thriller
Fay Grim (2006),Thriller
"Parallax View, The (1974)",Thriller
Wanted (2008),Thriller
"Texas Chainsaw Massacre: The Beginning, The (2006)",Thriller
Mighty Joe Young (1998),Thriller
M (1931),Thriller
Too Late for Tears (1949),Thriller
Insidious: Chapter 3 (2015),Thriller
This Gun for Hire (1942),Thriller
In Time (2011),Thriller
Switchback (1997),Thriller
"Body Snatcher, The (1945)",Thriller
"Impossible, The (Imposible, Lo) (2012)",Thriller
"Island of Dr. Moreau, The (1996)",Thriller
That Demon Within (2014),Thriller
Charlie's Angels: Full Throttle (2003),Thriller
"Good German, The (2006)",Thriller
Contagion (2011),Thriller
"Real McCoy, The (1993)",Thriller
"Getaway, The (1972)",Thriller
Inferno (2016),Thriller
Monday (2000),Thriller
Get Shorty (1995),Thriller
Orphan (2009),Thriller
Nine Queens (Nueve reinas) (2000),Thriller
Dragonheart 2: A New Beginning (2000),Thriller
"Adjustment Bureau, The (2011)",Thriller
Race to Witch Mountain (2009),Thriller
Hard Candy (2005),Thriller
Shallow Grave (1994),Thriller
Airport 1975 (1974),Thriller
"Constant Gardener, The (2005)",Thriller
Them! (1954),Thriller
Sudden Impact (1983),Thriller
Bridge of Spies (2015),Thriller
Burke and Hare (2010),Thriller
Body Snatchers (1993),Thriller
The Survivalist (2015),Thriller
Dreamcatcher (2003),Thriller
Fido (2006),Thriller
16 Blocks (2006),Thriller
Da Sweet Blood of Jesus (2014),Thriller
Family Plot (1976),Thriller
"Towering Inferno, The (1974)",Thriller
The Handmaiden (2016),Thriller
Survivor (2015),Thriller
The Wailing (2016),Thriller
Source Code (2011),Thriller
Collision Course (1989),Thriller
Cellular (2004),Thriller
"Ice Harvest, The (2005)",Thriller
Nocturnal Animals,Thriller
John Wick: Chapter Two (2017),Thriller
Munich (2005),Thriller
And Now... Ladies and Gentlemen... (2002),Thriller
Into the Blue (2005),Thriller
"Hunt for Red October, The (1990)",Thriller
Lethal Weapon 4 (1998),Thriller
All the President's Men (1976),Thriller
Heat (1995),Thriller
First Reformed (2017),Thriller
"Good Son, The (1993)",Thriller
"Black Dahlia, The (2006)",Thriller
Jaws 2 (1978),Thriller
Looker (1981),Thriller
Man on Fire (2004),Thriller
Black Sea (2015),Thriller
Body (2015),Thriller
Black Christmas (2006),Thriller
First Snow (2006),Thriller
First Strike (Police Story 4: First Strike) (Ging chaat goo si 4: Ji gaan daan yam mo) (1996),Thriller
Final Analysis (1992),Thriller
Buried (2010),Thriller
Strange Circus (Kimyô na sâkasu) (2005),Thriller
"Baader Meinhof Komplex, Der (2008)",Thriller
Blind Date (1984),Thriller
Trapped (2002),Thriller
Colonia (2016),Thriller
Torn Curtain (1966),Thriller
One Hour Photo (2002),Thriller
Once a Thief (Zong heng si hai) (1991),Thriller
"Snowtown (Snowtown Murders, The) (2011)",Thriller
Pusher II: With Blood on My Hands (2004),Thriller
Incognito (1997),Thriller
"House of the Devil, The (2009)",Thriller
Payback (1999),Thriller
"Thing, The (1982)",Thriller
Phenomena (a.k.a. Creepers) (1985),Thriller
Coraline (2009),Thriller
"Lords of Salem, The (2012)",Thriller
Salvador (1986),Thriller
"Firm, The (1993)",Thriller
Dominion: Prequel to the Exorcist (2005),Thriller
Retroactive (1997),Thriller
Hideaway (1995),Thriller
Mercury Rising (1998),Thriller
The Cloverfield Paradox (2018),Thriller
Shattered (1991),Thriller
House at the End of the Street (2012),Thriller
Ripley's Game (2002),Thriller
"One, The (2001)",Thriller
Thunderball (1965),Thriller
Sherlock: The Abominable Bride (2016),Thriller
Deadly Outlaw: Rekka (a.k.a. Violent Fire) (Jitsuroku Andô Noboru kyôdô-den: Rekka) (2002),Thriller
Murder on the Orient Express (1974),Thriller
Entrapment (1999),Thriller
Pride and Prejudice and Zombies (2016),Thriller
Night of the Lepus (1972),Thriller
Goldfinger (1964),Thriller
"Crossing Guard, The (1995)",Thriller
In Dreams (1999),Thriller
Sin City: A Dame to Kill For (2014),Thriller
Skyfall (2012),Thriller
Domino (2005),Thriller
"View to a Kill, A (1985)",Thriller
Kidnapping Mr. Heineken (2015),Thriller
Cure (1997),Thriller
Star Trek: First Contact (1996),Thriller
Screamers (1995),Thriller
Stage Fright (1950),Thriller
Ghost Rider: Spirit of Vengeance (2012),Thriller
Firefox (1982),Thriller
Jumper (2008),Thriller
Ex Machina (2015),Thriller
Red Hill (2010),Thriller
Fatal Attraction (1987),Thriller
Infernal Affairs (Mou gaan dou) (2002),Thriller
Candyman (1992),Thriller
Lara Croft Tomb Raider: The Cradle of Life (2003),Thriller
Tormented (1960),Thriller
The Count of Monte Cristo (2002),Thriller
Shadows and Fog (1991),Thriller
Disturbia (2007),Thriller
"Ninth Gate, The (1999)",Thriller
Mississippi Burning (1988),Thriller
Judgment Night (1993),Thriller
Vice (2015),Thriller
Secret Agent (1936),Thriller
Rear Window (1954),Thriller
Red Planet (2000),Thriller
Eyes of Laura Mars (1978),Thriller
Owning Mahowny (2003),Thriller
"Twilight Saga: Eclipse, The (2010)",Thriller
Night of the Living Dead (1968),Thriller
"American, The (2010)",Thriller
"Collector, The (2009)",Thriller
Mission: Impossible (1996),Thriller
Dead or Alive: Final (2002),Thriller
Something Wicked This Way Comes (1983),Thriller
Death and the Maiden (1994),Thriller
Poltergeist (1982),Thriller
"Defiant Ones, The (1958)",Thriller
This Must Be the Place (2011),Thriller
Standoff (2016),Thriller
Diabolique (1996),Thriller
"Boys from Brazil, The (1978)",Thriller
"Bad Seed, The (1956)",Thriller
"Lock, Stock & Two Smoking Barrels (1998)",Thriller
The Shallows (2016),Thriller
Training Day (2001),Thriller
Tears of the Sun (2003),Thriller
"X-Files: Fight the Future, The (1998)",Thriller
"Girl Next Door, The (2007)",Thriller
Bound (1996),Thriller
"Silence of the Lambs, The (1991)",Thriller
Puppet Master II (1991),Thriller
True Crime (1999),Thriller
The Hunger Games: Mockingjay - Part 1 (2014),Thriller
"Whistleblower, The (2010)",Thriller
All the Boys Love Mandy Lane (2006),Thriller
I Am Number Four (2011),Thriller
In Too Deep (1999),Thriller
Quantum of Solace (2008),Thriller
"Hunting Party, The (2007)",Thriller
Unleashed (Danny the Dog) (2005),Thriller
After Hours (1985),Thriller
Red Dragon (2002),Thriller
Executive Decision (1996),Thriller
Hannibal Rising (2007),Thriller
Pawn (2013),Thriller
Wolf (1994),Thriller
Get Carter (1971),Thriller
15 Minutes (2001),Thriller
The Fate of the Furious (2017),Thriller
