title,num_ratings,avg_rating,genres
"Shawshank Redemption, The (1994)",317,4.43,Crime|Drama
"Godfather, The (1972)",192,4.29,Crime|Drama
Fight Club (1999),218,4.27,Action|Crime|Drama|Thriller
"Godfather: Part II, The (1974)",129,4.26,Crime|Drama
"Departed, The (2006)",107,4.25,Crime|Drama|Thriller
Goodfellas (1990),126,4.25,Crime|Drama
Casablanca (1942),100,4.24,Drama|Romance
"Usual Suspects, The (1995)",204,4.24,Crime|Mystery|Thriller
"Dark Knight, The (2008)",149,4.24,Action|Crime|Drama|IMAX
"Princess Bride, The (1987)",142,4.23,Action|Adventure|Comedy|Fantasy|Romance
Star Wars: Episode IV - A New Hope (1977),251,4.23,Action|Adventure|Sci-Fi
Schindler's List (1993),220,4.23,Drama|War
Apocalypse Now (1979),107,4.22,Action|Drama|War
American History X (1998),129,4.22,Crime|Drama
Star Wars: Episode V - The Empire Strikes Back (1980),211,4.22,Action|Adventure|Sci-Fi
Raiders of the Lost Ark (Indiana Jones and the Raiders of the Lost Ark) (1981),200,4.21,Action|Adventure
One Flew Over the Cuckoo's Nest (1975),133,4.20,Drama
Pulp Fiction (1994),307,4.20,Comedy|Crime|Drama|Thriller
Reservoir Dogs (1992),131,4.20,Crime|Mystery|Thriller
"Matrix, The (1999)",278,4.19,Action|Sci-Fi|Thriller
"Amelie (Fabuleux destin d'Amélie Poulain, Le) (2001)",120,4.18,Comedy|Romance
Forrest Gump (1994),329,4.16,Comedy|Drama|Romance|War
Monty Python and the Holy Grail (1975),136,4.16,Adventure|Comedy|Fantasy
"Silence of the Lambs, The (1991)",279,4.16,Crime|Horror|Thriller
Eternal Sunshine of the Spotless Mind (2004),131,4.16,Drama|Romance|Sci-Fi
"Green Mile, The (1999)",111,4.15,Crime|Drama
Saving Private Ryan (1998),188,4.15,Action|Drama|War
Star Wars: Episode VI - Return of the Jedi (1983),196,4.14,Action|Adventure|Sci-Fi
Fargo (1996),181,4.12,Comedy|Crime|Drama|Thriller
Memento (2000),159,4.12,Mystery|Thriller
"Lord of the Rings: The Return of the King, The (2003)",185,4.12,Action|Adventure|Drama|Fantasy
"Lord of the Rings: The Fellowship of the Ring, The (2001)",198,4.11,Adventure|Fantasy
Taxi Driver (1976),104,4.11,Crime|Drama|Thriller
Full Metal Jacket (1987),102,4.10,Drama|War
Blade Runner (1982),124,4.10,Action|Sci-Fi|Thriller
"Shining, The (1980)",109,4.08,Horror
Good Will Hunting (1997),141,4.08,Drama|Romance
Inception (2010),143,4.07,Action|Crime|Drama|Mystery|Sci-Fi|Thriller|IMAX
American Beauty (1999),204,4.06,Drama|Romance
WALL·E (2008),104,4.06,Adventure|Animation|Children|Romance|Sci-Fi
Indiana Jones and the Last Crusade (1989),140,4.05,Action|Adventure
Back to the Future (1985),171,4.04,Adventure|Comedy|Sci-Fi
Trainspotting (1996),102,4.04,Comedy|Crime|Drama
Braveheart (1995),237,4.03,Action|Drama|War
"Lord of the Rings: The Two Towers, The (2002)",188,4.02,Adventure|Fantasy
Léon: The Professional (a.k.a. The Professional) (Léon) (1994),133,4.02,Action|Crime|Drama|Thriller
"Beautiful Mind, A (2001)",123,4.00,Drama|Romance
Up (2009),105,4.00,Adventure|Animation|Children|Drama
"Clockwork Orange, A (1971)",120,4.00,Crime|Drama|Sci-Fi|Thriller
"Fugitive, The (1993)",190,3.99,Thriller
